product_id	product_name	category	image_url	A_identifiability	B_desirability	C_ad_suitability	D_name_match	E_composition_quality	total	classification	current_image_issue	image_direction	force_replace_reason
1	리얼 스팀 수비드 닭가슴살 오리지널 100g	닭가슴살·고단백 식품	https://images.unsplash.com/photo-1532550907401-a500c9a57435?w=600&auto=format&fit=crop&q=80	2	2	2	1	2	9	REPLACE	구운 닭가슴살 사진이 3개 상품에 반복되어 수비드 오리지널의 고유성이 없음	아이보리 접시에 촉촉한 수비드 닭가슴살 한 팩 분량을 중앙에 놓고 단면과 맑은 육즙을 보여주는 밝은 자연광 식품 광고 사진	duplicate URL
2	그릴드 훈제 닭가슴살 슬라이스 칠리페퍼 120g	닭가슴살·고단백 식품	https://images.unsplash.com/photo-1532550907401-a500c9a57435?w=600&auto=format&fit=crop&q=80	2	2	2	1	2	9	REPLACE	1·5번과 동일한 통구이 사진이며 슬라이스와 칠리 시즈닝이 보이지 않음	베이지 접시에 칠리페퍼가 보이는 훈제 닭가슴살 슬라이스를 부채꼴로 담은 밝은 자연광 완성 음식 사진	duplicate URL
3	한입 닭가슴살 볼 치즈 쏙쏙 100g	닭가슴살·고단백 식품	https://images.unsplash.com/photo-1529042410759-befb1204b468?w=600&auto=format&fit=crop&q=80	2	2	2	2	2	10	KEEP	완성된 미트볼 형태와 먹음직스러운 플레이팅이 상품과 잘 맞음	-	-
4	촉촉 닭가슴살 소시지 바질페스토 70g	닭가슴살·고단백 식품	https://images.unsplash.com/photo-1585325701165-351af916e581?w=600&auto=format&fit=crop&q=80	2	2	2	1	2	9	KEEP	완성 소시지는 명확하나 바질페스토 표현은 약함	-	-
5	순수 단백 100% 동결건조 닭가슴살 칩 30g	닭가슴살·고단백 식품	https://images.unsplash.com/photo-1532550907401-a500c9a57435?w=600&auto=format&fit=crop&q=80	1	2	2	0	2	7	REPLACE	동결건조 칩이 아니라 구운 닭가슴살이며 1·2번과 동일 이미지	작은 세라믹 볼에 바삭한 닭가슴살 칩을 담고 몇 조각의 가벼운 질감과 단면이 선명한 밝은 스낵 광고 사진	title mismatch; duplicate URL
6	블랙페퍼 안심 스테이크 130g	닭가슴살·고단백 식품	https://images.unsplash.com/photo-1598515214211-89d3c73ae83b?w=600&auto=format&fit=crop&q=80	2	2	2	2	2	10	KEEP	완성된 구이와 채소 플레이팅이 상품명에 잘 부합함	-	-
7	비건 대두단백 패티 가든 오리지널 110g	닭가슴살·고단백 식품	https://thumb.wikimedia.org/wikipedia/commons/thumb/7/7b/Beyond_Meat_Beast_Burger_1.jpg/960px-Beyond_Meat_Beast_Burger_1.jpg?utm_source=commons.wikimedia.org&utm_campaign=imageinfo&utm_content=thumbnail	2	1	1	2	2	8	KEEP	패티 식별과 일치도는 높지만 자료사진 느낌이 조금 남음	-	-
8	저염 닭가슴살 만두 메밀피 168g	닭가슴살·고단백 식품	https://images.unsplash.com/photo-1496116218417-1a781b1c416c?w=600&auto=format&fit=crop&q=80	2	2	2	2	2	10	KEEP	완성 만두가 중앙에 선명하고 상품과 자연스럽게 일치함	-	-
9	프로틴 흰살생선 대구살 큐브 120g	닭가슴살·고단백 식품	https://thumb.wikimedia.org/wikipedia/commons/thumb/3/37/Frozen_cod_fillet_%2820240124%29.jpg/960px-Frozen_cod_fillet_%2820240124%29.jpg?utm_source=commons.wikimedia.org&utm_campaign=imageinfo&utm_content=thumbnail	1	0	0	1	1	3	REPLACE	성에 낀 생대구 원물 클로즈업으로 완성 상품과 구매 장면을 상상하기 어려움	아이보리 접시에 노릇하게 조리한 대구살 큐브를 중앙에 담고 레몬과 허브를 절제해 곁들인 밝은 완성 음식 사진	raw ingredient
10	부드러운 소고기 우둔살 슬라이스 100g	닭가슴살·고단백 식품	https://images.unsplash.com/photo-1544025162-d76694265947?w=600&auto=format&fit=crop&q=80	2	2	2	1	2	9	REPLACE	13번 도시락과 동일한 통스테이크 사진이며 슬라이스 형태가 보이지 않음	밝은 베이지 접시에 얇고 부드러운 우둔살 슬라이스를 겹쳐 담고 단면을 보여주는 자연광 광고 사진	duplicate URL
11	저당 곤약 현미 닭가슴살 볶음밥 도시락 250g	도시락·간편식	https://thumb.wikimedia.org/wikipedia/commons/thumb/8/8b/Home-cooked_Hainanese_chicken_rice.jpg/960px-Home-cooked_Hainanese_chicken_rice.jpg?utm_source=commons.wikimedia.org&utm_campaign=imageinfo&utm_content=thumbnail	1	0	0	1	2	4	REPLACE	탁하고 평평한 색감의 하이난 치킨라이스 자료사진으로 음식이 맛없어 보이며 곤약 현미 볶음밥 도시락의 구성도 전달되지 않음	아이보리 도시락 용기에 윤기 있는 곤약 현미 볶음밥과 노릇한 큐브 닭가슴살·초록 채소를 정돈해 담은 밝은 자연광 완성식 사진	unappetizing food; blog/reference style
12	퀴노아 렌틸콩 샐러드 보울 & 발사믹 210g	도시락·간편식	https://images.unsplash.com/photo-1512621776951-a57141f2eefd?w=600&auto=format&fit=crop&q=80	2	2	2	1	2	9	KEEP	풍성한 샐러드 보울이 밝고 신선하며 상품 유형과 잘 맞음	-	-
13	소고기 우둔살 & 구운 야채 클린 도시락 280g	도시락·간편식	https://images.unsplash.com/photo-1544025162-d76694265947?w=600&auto=format&fit=crop&q=80	2	2	2	1	2	9	REPLACE	10번과 동일 이미지이고 도시락 구성과 구운 야채 비중이 드러나지 않음	사각 아이보리 도시락에 우둔살 슬라이스와 단호박·브로콜리 구운 채소를 균형 있게 담은 자연광 사진	duplicate URL
14	컬리플라워 라이스 두부 버섯 덮밥 230g	도시락·간편식	https://thumb.wikimedia.org/wikipedia/commons/thumb/f/f4/Tofu_%26_Mushroom_Curry_Don_%28V%29_-_Sunoso_2023-11-28.jpg/960px-Tofu_%26_Mushroom_Curry_Don_%28V%29_-_Sunoso_2023-11-28.jpg?utm_source=commons.wikimedia.org&utm_campaign=imageinfo&utm_content=thumbnail	2	1	1	2	2	8	KEEP	두부·버섯 덮밥 식별은 좋으나 일반 식당 자료사진 느낌이 남음	-	-
15	단호박 닭가슴살 영양솥밥 브리또 140g	도시락·간편식	https://images.unsplash.com/photo-1626700051175-6818013e1d4f?w=600&auto=format&fit=crop&q=80	2	2	2	2	2	10	KEEP	브리또 단면과 완성 형태가 선명하고 먹음직스러움	-	-
16	저염 맑은 닭곰탕 곤약국수 320g	도시락·간편식	https://thumb.wikimedia.org/wikipedia/commons/thumb/9/90/Chicken_with_Noodles_Soup_-_Noodles_Soup_2023-10-24.jpg/960px-Chicken_with_Noodles_Soup_-_Noodles_Soup_2023-10-24.jpg?utm_source=commons.wikimedia.org&utm_campaign=imageinfo&utm_content=thumbnail	2	2	1	2	2	9	KEEP	맑은 닭국수의 섭취 형태가 분명하고 구도가 안정적임	-	-
17	수비드 연어 스테이크 & 보리 리조또 260g	도시락·간편식	https://images.unsplash.com/photo-1519708227418-c8fd9a32b7a2?w=600&auto=format&fit=crop&q=80	2	2	1	1	2	8	KEEP	연어는 훌륭하나 보리 리조또가 프레임에서 거의 보이지 않음	-	-
18	단백질 듬뿍 오트밀 닭가슴살 영양죽 280g	도시락·간편식	https://upload.wikimedia.org/wikipedia/commons/7/72/Oat_porridge_in_Ghana.jpg?utm_source=commons.wikimedia.org&utm_campaign=imageinfo&utm_content=thumbnail_unscaled	1	0	1	1	1	4	REPLACE	회갈색 묽은 죽이 밋밋하고 닭가슴살이나 영양 구성이 보이지 않아 구매 욕구가 낮음	밝은 세라믹 볼의 크리미한 오트밀 죽 위에 잘게 찢은 닭가슴살과 파슬리를 정돈한 자연광 완성 음식 사진	unappetizing food
19	지중해식 구운 병아리콩 & 가지 그라탕 220g	도시락·간편식	https://thumb.wikimedia.org/wikipedia/commons/thumb/b/b8/Vegetarian_Moussaka_and_Spinach_%26_Button_Mushrooms_With_Pesto_Dressing_-_Foodilic_2024-08-12.jpg/960px-Vegetarian_Moussaka_and_Spinach_%26_Button_Mushrooms_With_Pesto_Dressing_-_Foodilic_2024-08-12.jpg?utm_source=commons.wikimedia.org&utm_campaign=imageinfo&utm_content=thumbnail	1	1	0	1	1	4	REPLACE	여러 반찬이 섞인 식당 자료사진으로 병아리콩·가지 그라탕이 무엇인지 명확하지 않음	아이보리 오븐 접시에 노릇한 가지 그라탕을 담고 병아리콩이 표면과 단면에 보이도록 촬영한 밝은 음식 광고 사진	title mismatch; blog/restaurant style
20	고구마 닭가슴살 소시지 플래터 도시락 270g	도시락·간편식	https://thumb.wikimedia.org/wikipedia/commons/thumb/8/86/Sweet_Potato_Sauteed_With_Honey.jpg/960px-Sweet_Potato_Sauteed_With_Honey.jpg?utm_source=commons.wikimedia.org&utm_campaign=imageinfo&utm_content=thumbnail	1	1	1	0	2	5	REPLACE	고구마 조각만 보이고 핵심인 닭가슴살 소시지와 도시락 구성이 없음	밝은 아이보리 플래터에 고구마 큐브와 닭가슴살 소시지 슬라이스를 균형 있게 담은 완성 도시락 사진	title mismatch; raw ingredient
21	제로슈가 크런치 카카오 프로틴바 50g	프로틴바·건강간식	https://thumb.wikimedia.org/wikipedia/commons/thumb/c/c3/Three_protein_bars%2C_two_cut_in_half.jpg/960px-Three_protein_bars%2C_two_cut_in_half.jpg?utm_source=commons.wikimedia.org&utm_campaign=imageinfo&utm_content=thumbnail	2	2	2	2	2	10	KEEP	프로틴바 완성 형태와 단면 질감이 선명함	-	-
22	고소한 피넛버터 오트 프로틴 쿠키 60g	프로틴바·건강간식	https://images.unsplash.com/photo-1499636136210-6f4ee915583e?w=600&auto=format&fit=crop&q=80	2	2	2	2	2	10	KEEP	쿠키의 완성 형태와 질감이 먹음직스럽고 중앙 구도가 좋음	-	-
23	구운 병아리콩 스낵 바베큐맛 40g	프로틴바·건강간식	https://upload.wikimedia.org/wikipedia/commons/4/40/Leblebi.jpg?utm_source=commons.wikimedia.org&utm_campaign=imageinfo&utm_content=thumbnail_unscaled	2	1	1	2	1	7	REVIEW	병아리콩은 식별되나 평면적인 자료사진이고 바베큐 시즈닝과 제품성이 약함	작은 베이지 볼에 바삭하게 구운 병아리콩을 담고 붉은 바베큐 시즈닝 질감을 강조한 밝은 스낵 광고 사진	-
24	제주 말차 화이트 청크 프로틴바 50g	프로틴바·건강간식	https://thumb.wikimedia.org/wikipedia/commons/thumb/4/4e/White_Matcha_Bar_.jpg/960px-White_Matcha_Bar_.jpg?utm_source=commons.wikimedia.org&utm_campaign=imageinfo&utm_content=thumbnail	2	1	1	2	2	8	KEEP	말차 바와 분말이 명확하지만 타사 포장 자료사진의 인상이 있음	-	-
25	프로틴 현미 곤약 팝칩 치즈맛 35g	프로틴바·건강간식	https://images.unsplash.com/photo-1599490659213-e2b9527bd087?w=600&auto=format&fit=crop&q=80	2	2	2	1	2	9	KEEP	팝칩 형태와 밝은 광고 구도가 적절하나 치즈 맛 단서는 약함	-	-
26	리얼 에스프레소 에너지 카페인 프로틴바 45g	프로틴바·건강간식	https://thumb.wikimedia.org/wikipedia/commons/thumb/5/55/Three_protein_bars.jpg/960px-Three_protein_bars.jpg?utm_source=commons.wikimedia.org&utm_campaign=imageinfo&utm_content=thumbnail	2	2	2	1	2	9	KEEP	프로틴바로는 적합하나 에스프레소 맛 표현은 약함	-	-
27	비건 글루텐프리 블랙빈 브라우니 60g	프로틴바·건강간식	https://thumb.wikimedia.org/wikipedia/commons/thumb/4/48/Chocolate_Brownie_Decorated.jpg/960px-Chocolate_Brownie_Decorated.jpg?utm_source=commons.wikimedia.org&utm_campaign=imageinfo&utm_content=thumbnail	2	2	2	2	2	10	KEEP	브라우니 질감이 선명하고 먹음직스러움	-	-
28	프로틴 베이크드 베이글 칩 허니버터맛 45g	프로틴바·건강간식	https://thumb.wikimedia.org/wikipedia/commons/thumb/0/05/NY-Deli-Bagel-Chips.jpg/960px-NY-Deli-Bagel-Chips.jpg?utm_source=commons.wikimedia.org&utm_campaign=imageinfo&utm_content=thumbnail	2	1	1	2	2	8	KEEP	베이글 칩 식별과 품질은 양호하나 에디토리얼 자료사진 느낌이 조금 남음	-	-
29	제로 알룰로스 단백질 젤리 청포도맛 50g	프로틴바·건강간식	https://images.unsplash.com/photo-1582058091505-f87a2e55a40f?w=600&auto=format&fit=crop&q=80	1	2	2	0	2	7	REPLACE	청포도 단백질 젤리가 아니라 다색 곰돌이 구미로 보여 맛과 상품 유형이 불일치	반투명 청포도색 단백질 젤리를 작은 유리 볼에 담고 청포도 몇 알을 곁들인 밝은 스낵 광고 사진	title mismatch
30	산양유 프로틴 웨이퍼 초코 38g	프로틴바·건강간식	https://thumb.wikimedia.org/wikipedia/commons/thumb/2/2b/Milk_flavored_peanut_wafer_biscuits.jpg/960px-Milk_flavored_peanut_wafer_biscuits.jpg?utm_source=commons.wikimedia.org&utm_campaign=imageinfo&utm_content=thumbnail	2	1	1	1	2	7	REVIEW	웨이퍼는 맞지만 우유·땅콩 웨이퍼 자료사진이라 초코와 산양유 특징이 약함	초콜릿 코팅 산양유 프로틴 웨이퍼를 반으로 잘라 바삭한 층을 보여주고 베이지 배경에 중앙 배치한 사진	-
31	무가당 고단백 수제 그래놀라 오리지널 400g	시리얼·그래놀라	https://upload.wikimedia.org/wikipedia/commons/d/dd/Granola_Honey_and_Vanilla_Top.jpg?utm_source=commons.wikimedia.org&utm_campaign=imageinfo&utm_content=thumbnail_unscaled	2	2	2	1	2	9	REPLACE	동일 그래놀라 사진이 7개 상품에 반복되어 개별 상품 구분이 불가능함	아이보리 세라믹 볼에 견과와 단백질 크런치가 보이는 오리지널 그래놀라를 담은 밝은 탑뷰 광고 사진	duplicate URL
32	카카오 닙스 고단백 롤드오트 그래놀라 350g	시리얼·그래놀라	https://upload.wikimedia.org/wikipedia/commons/d/dd/Granola_Honey_and_Vanilla_Top.jpg?utm_source=commons.wikimedia.org&utm_campaign=imageinfo&utm_content=thumbnail_unscaled	2	2	2	0	2	8	REPLACE	7개 상품 공용 이미지이며 카카오 닙스가 전혀 보이지 않음	카카오 닙스와 진한 롤드오트 클러스터가 분명히 보이는 베이지 볼의 밝은 그래놀라 광고 사진	title mismatch; duplicate URL
33	저당 베리베리 프로틴 시리얼 300g	시리얼·그래놀라	https://images.unsplash.com/photo-1521483451569-e33803c0330c?w=600&auto=format&fit=crop&q=80	2	2	2	0	2	8	REPLACE	40번과 동일한 일반 시리얼 사진이며 베리류가 보이지 않음	딸기·블루베리 조각과 프로틴 퍼프가 선명한 아이보리 볼을 밝은 자연광으로 촬영한 사진	title mismatch; duplicate URL
34	유기농 통귀리 오토그래놀라 시나몬 400g	시리얼·그래놀라	https://upload.wikimedia.org/wikipedia/commons/d/dd/Granola_Honey_and_Vanilla_Top.jpg?utm_source=commons.wikimedia.org&utm_campaign=imageinfo&utm_content=thumbnail_unscaled	2	2	2	1	2	9	REPLACE	7개 상품 공용 그래놀라 이미지로 통귀리·시나몬 제품의 고유성이 없음	통귀리 플레이크와 시나몬 스틱을 절제해 배치한 아이보리 볼의 자연광 그래놀라 사진	duplicate URL
35	하이프로틴 흑임자 서리태 그래놀라 350g	시리얼·그래놀라	https://upload.wikimedia.org/wikipedia/commons/d/dd/Granola_Honey_and_Vanilla_Top.jpg?utm_source=commons.wikimedia.org&utm_campaign=imageinfo&utm_content=thumbnail_unscaled	2	2	2	0	2	8	REPLACE	7개 상품 공용 이미지이며 흑임자와 서리태가 보이지 않음	검은콩과 흑임자가 섞인 짙은 포인트의 그래놀라를 밝은 베이지 볼에 담아 대비를 살린 사진	title mismatch; duplicate URL
36	글루텐프리 퀴노아 라이스 크런치 280g	시리얼·그래놀라	https://upload.wikimedia.org/wikipedia/commons/3/39/Puffed_Rice_Sugar_Coated.jpg?utm_source=commons.wikimedia.org&utm_campaign=imageinfo&utm_content=thumbnail_unscaled	1	0	0	1	0	2	REPLACE	원본이 120×90으로 카드에서 심하게 확대되어 흐리고 상품도 부스러기처럼 보임	퀴노아와 라이스 크런치의 둥근 퍼프 질감을 선명하게 보여주는 밝은 고해상도 세라믹 볼 사진	severe low resolution
37	식단관리 저칼로리 곤약 그래놀라 300g	시리얼·그래놀라	https://upload.wikimedia.org/wikipedia/commons/d/dd/Granola_Honey_and_Vanilla_Top.jpg?utm_source=commons.wikimedia.org&utm_campaign=imageinfo&utm_content=thumbnail_unscaled	2	2	2	0	2	8	REPLACE	7개 상품 공용 이미지이며 곤약 플레이크가 구분되지 않음	가벼운 곤약 플레이크와 귀리 클러스터를 아이보리 볼에 담고 깨끗한 여백을 둔 밝은 사진	title mismatch; duplicate URL
38	프로틴 맥스 소이볼 그래놀라 400g	시리얼·그래놀라	https://upload.wikimedia.org/wikipedia/commons/d/dd/Granola_Honey_and_Vanilla_Top.jpg?utm_source=commons.wikimedia.org&utm_campaign=imageinfo&utm_content=thumbnail_unscaled	2	2	2	0	2	8	REPLACE	7개 상품 공용 이미지이며 핵심 소이볼이 보이지 않음	동그란 소이 프로틴 볼이 귀리 사이에 풍성하게 보이는 아이보리 볼의 자연광 그래놀라 사진	title mismatch; duplicate URL
39	고구마 말랭이 듬뿍 옐로우 그래놀라 350g	시리얼·그래놀라	https://upload.wikimedia.org/wikipedia/commons/d/dd/Granola_Honey_and_Vanilla_Top.jpg?utm_source=commons.wikimedia.org&utm_campaign=imageinfo&utm_content=thumbnail_unscaled	2	2	2	0	2	8	REPLACE	7개 상품 공용 이미지이며 고구마 조각과 옐로우 톤이 없음	노란 고구마 말랭이 큐브가 풍성한 그래놀라를 베이지 볼에 담은 밝고 따뜻한 자연광 사진	title mismatch; duplicate URL
40	그린 애플 & 치아씨드 로우 그래놀라 320g	시리얼·그래놀라	https://images.unsplash.com/photo-1521483451569-e33803c0330c?w=600&auto=format&fit=crop&q=80	2	2	2	0	2	8	REPLACE	33번과 동일한 일반 시리얼 사진이며 그린애플과 치아씨드가 보이지 않음	말린 그린애플 조각과 치아씨드가 선명한 로우 그래놀라를 아이보리 볼에 담은 밝은 사진	title mismatch; duplicate URL
41	꾸덕한 무가당 플레인 그릭요거트 450g	유제품·대체유	https://images.unsplash.com/photo-1488477181946-6428a0291777?w=600&auto=format&fit=crop&q=80	2	2	2	1	2	9	KEEP	요거트 완성 형태와 밝은 톤이 적합하나 딸기 토핑 때문에 플레인 인상은 조금 약함	-	-
42	무첨가 순수 아몬드 밀크 언스위트 190ml x 10팩	유제품·대체유	https://images.unsplash.com/photo-1550583724-b2692b85b150?w=600&auto=format&fit=crop&q=80	2	2	2	0	2	8	REPLACE	46번 검은콩 두유와 동일한 흰 우유 사진이며 아몬드·10팩 상품성이 없음	깨끗한 유리잔의 아몬드 밀크와 무지 아이보리 미니팩 여러 개를 아몬드와 함께 정돈한 밝은 사진	duplicate URL
43	식물성 고단백 귀리 오트 음료 바리스타 1L	유제품·대체유	https://thumb.wikimedia.org/wikipedia/commons/thumb/8/82/Oatmilk_1.jpg/960px-Oatmilk_1.jpg?utm_source=commons.wikimedia.org&utm_campaign=imageinfo&utm_content=thumbnail	2	2	2	2	2	10	KEEP	오트 음료와 귀리가 함께 보여 식별성과 일치도가 높음	-	-
44	락토프리 저지방 프로틴 우유 250ml	유제품·대체유	https://images.unsplash.com/photo-1528750997573-59b89d56f4f7?w=600&auto=format&fit=crop&q=80	2	2	2	1	2	9	KEEP	깨끗한 우유 제품 사진으로 적합하나 프로틴 제품 단서는 약함	-	-
45	산양유 100% 무첨가 요거트 드링크 150ml	유제품·대체유	https://upload.wikimedia.org/wikipedia/commons/8/83/Kefir_in_a_glass.JPG?utm_source=commons.wikimedia.org&utm_campaign=imageinfo&utm_content=thumbnail_unscaled	2	1	1	1	2	7	REPLACE	50번 케피어와 동일한 일반 발효유 잔 사진으로 산양유 제품 고유성이 없음	작은 투명 병과 잔에 담긴 산양유 요거트 드링크를 아이보리 배경과 자연광으로 촬영한 사진	duplicate URL
46	국산 서리태 검은콩 두유 무가당 190ml x 16팩	유제품·대체유	https://images.unsplash.com/photo-1550583724-b2692b85b150?w=600&auto=format&fit=crop&q=80	1	1	2	0	2	6	REPLACE	42번과 동일한 흰 우유 사진으로 검은콩 두유의 색과 16팩 구성이 명백히 다름	연한 베이지빛 검은콩 두유를 깨끗한 잔에 담고 서리태와 미니팩을 함께 중앙 배치한 사진	title mismatch; duplicate URL
47	코코넛 워터 베이스 무가당 코코넛 밀크 330ml	유제품·대체유	https://thumb.wikimedia.org/wikipedia/commons/thumb/0/0f/Coconut_Milk.JPG/960px-Coconut_Milk.JPG?utm_source=commons.wikimedia.org&utm_campaign=imageinfo&utm_content=thumbnail	1	0	0	1	1	3	REPLACE	낡은 무늬 접시의 묽은 흰 액체 탑뷰라 음료 상품으로 보이지 않고 구매 매력이 낮음	투명한 330ml 병과 얼음잔의 코코넛 밀크를 코코넛 조각과 함께 깨끗한 베이지 식탁에 둔 사진	unappetizing composition
48	저칼로리 코티지 치즈 200g	유제품·대체유	https://thumb.wikimedia.org/wikipedia/commons/thumb/1/13/CottageCheeseGermany.jpg/960px-CottageCheeseGermany.jpg?utm_source=commons.wikimedia.org&utm_campaign=imageinfo&utm_content=thumbnail	2	1	1	2	2	8	KEEP	코티지 치즈 질감과 식별성이 명확하나 자료사진 느낌은 있음	-	-
49	유기농 골든 플랙씨드 아마씨유 250ml	유제품·대체유	https://images.unsplash.com/photo-1652282556241-0ce13285d00f?w=600&auto=format&fit=crop&q=80	1	1	1	1	2	6	REVIEW	금빛 오일 방울만 보여 아마씨유 병과 원료를 구분하기 어려움	미니멀한 유리병의 금빛 아마씨유와 작은 아마씨 볼을 아이보리 식탁 위에 중앙 배치한 밝은 사진	-
50	프로바이오틱스 케피어 발효유 플레인 500ml	유제품·대체유	https://upload.wikimedia.org/wikipedia/commons/8/83/Kefir_in_a_glass.JPG?utm_source=commons.wikimedia.org&utm_campaign=imageinfo&utm_content=thumbnail_unscaled	2	1	1	1	2	7	REPLACE	45번 산양유 드링크와 동일한 잔 사진으로 500ml 케피어 상품성이 없음	500ml 유리병과 작은 잔의 플레인 케피어를 아이보리 배경에 두고 깨끗한 발효유 질감을 보여주는 사진	duplicate URL
51	프로틴 맥스 25g WPI 더블초코 250ml	음료·프로틴음료	https://thumb.wikimedia.org/wikipedia/commons/thumb/2/23/Chocolate_milk.JPG/960px-Chocolate_milk.JPG?utm_source=commons.wikimedia.org&utm_campaign=imageinfo&utm_content=thumbnail	2	2	2	1	2	9	KEEP	초코 음료가 선명하고 먹음직스럽지만 프로틴 제품 표식은 없음	-	-
52	콜드브루 프로틴 라떼 에너지 부스트 275ml	음료·프로틴음료	https://images.unsplash.com/photo-1517701550927-30cf4ba1dba5?w=600&auto=format&fit=crop&q=80	2	2	2	2	2	10	KEEP	아이스 콜드브루 라떼의 질감과 광고 구도가 매우 적합함	-	-
53	스파클링 BCAA 아미노 에이드 자몽맛 355ml	음료·프로틴음료	https://thumb.wikimedia.org/wikipedia/commons/thumb/d/da/Grapefruit_Juice_%282953129458%29.jpg/960px-Grapefruit_Juice_%282953129458%29.jpg?utm_source=commons.wikimedia.org&utm_campaign=imageinfo&utm_content=thumbnail	2	2	2	1	2	9	KEEP	자몽 음료는 명확하나 스파클링과 BCAA 제품 단서는 약함	-	-
54	식물성 완두 프로틴 스무디 바나나베리 250ml	음료·프로틴음료	https://images.unsplash.com/photo-1553530666-ba11a7da3888?w=600&auto=format&fit=crop&q=80	2	2	2	1	2	9	REPLACE	59번 딸기 바닐라 WPI와 동일한 베리 스무디 이미지	바나나와 베리가 은은히 보이는 부드러운 식물성 프로틴 스무디를 깨끗한 유리병과 잔에 담은 밝은 사진	duplicate URL
55	유기농 콤부차 레몬진저 310ml	음료·프로틴음료	https://upload.wikimedia.org/wikipedia/commons/2/21/Kombucha_cordial.jpg?utm_source=commons.wikimedia.org&utm_campaign=imageinfo&utm_content=thumbnail_unscaled	1	0	0	1	1	3	REPLACE	짙고 어두운 타사 병 라벨이 크게 잘려 보이며 레몬·진저나 청량감이 없음	투명 병과 깨끗한 잔에 옅은 금빛 콤부차를 담고 레몬 슬라이스와 생강을 절제해 둔 자연광 사진	dark/cropped image
56	L-카르니틴 버닝 워터 그린애플 500ml	음료·프로틴음료	https://thumb.wikimedia.org/wikipedia/commons/thumb/d/df/Apple_juice_3.jpg/960px-Apple_juice_3.jpg?utm_source=commons.wikimedia.org&utm_campaign=imageinfo&utm_content=thumbnail	1	1	1	1	2	6	REVIEW	일반 사과주스 한 잔으로 보여 500ml 기능성 워터와 청량감이 전달되지 않음	투명 500ml 병과 얼음잔의 연한 그린애플 워터를 사과 조각과 함께 베이지 식탁에 둔 밝은 사진	-
57	단호박 팥 데일리 호박즙 100ml x 14포	음료·프로틴음료	https://thumb.wikimedia.org/wikipedia/commons/thumb/2/26/Sliced_pumpkin.jpg/960px-Sliced_pumpkin.jpg?utm_source=commons.wikimedia.org&utm_campaign=imageinfo&utm_content=thumbnail	0	1	0	0	2	3	REPLACE	썬 호박 원물만 있고 액상 음료와 파우치 구성이 전혀 보이지 않음	아이보리 트레이에 호박즙 파우치와 작은 유리잔을 놓고 단호박·팥을 주변에 절제해 배치한 밝은 사진	title mismatch; raw ingredient
58	타트체리 멜라토닌 나이트 드링크 100ml	음료·프로틴음료	https://upload.wikimedia.org/wikipedia/commons/0/01/Cherry_juice.jpg?utm_source=commons.wikimedia.org&utm_campaign=imageinfo&utm_content=thumbnail_unscaled	2	1	1	2	1	7	REVIEW	타트체리 음료는 맞지만 367×567 원본의 오래된 자료사진 느낌과 무거운 색감이 있음	작은 투명 병과 100ml 잔의 짙은 체리 드링크를 타트체리와 함께 차분한 베이지 자연광으로 촬영한 사진	-
59	프로틴 맥스 25g WPI 딸기 바닐라 250ml	음료·프로틴음료	https://images.unsplash.com/photo-1553530666-ba11a7da3888?w=600&auto=format&fit=crop&q=80	2	2	2	1	2	9	REPLACE	54번 바나나베리 완두 스무디와 동일한 이미지로 제품 구분이 안 됨	딸기와 바닐라빈을 은은히 배치하고 연분홍 WPI 음료를 깨끗한 병과 잔에 담은 밝은 사진	duplicate URL
60	에너지 부스터 과라나 샷 60ml	음료·프로틴음료	https://thumb.wikimedia.org/wikipedia/commons/thumb/b/ba/Guarana.jpg/960px-Guarana.jpg?utm_source=commons.wikimedia.org&utm_campaign=imageinfo&utm_content=thumbnail	0	0	0	0	1	1	REPLACE	어두운 통 안의 갈색 과라나 분말과 스푼으로 액상 샷 상품과 명백히 불일치	작은 60ml 유리 샷병과 잔에 앰버 컬러 에너지 드링크를 담고 과라나 열매를 절제해 둔 밝은 사진	title mismatch; raw powder
61	프리미엄 원데이 순수 견과 데일리팩 25g x 14포	견과·건과류	https://thumb.wikimedia.org/wikipedia/commons/thumb/7/77/Mixed_Nuts_%28Alabama_Extension%29.jpg/960px-Mixed_Nuts_%28Alabama_Extension%29.jpg?utm_source=commons.wikimedia.org&utm_campaign=imageinfo&utm_content=thumbnail	2	2	1	1	2	8	KEEP	혼합 견과는 선명하나 데일리 파우치 패키지 표현이 없음	-	-
62	저온 로스팅 무염 캐슈넛 300g	견과·건과류	https://images.unsplash.com/photo-1686721635333-d71af2f1084b?w=600&auto=format&fit=crop&q=80	2	1	1	2	2	8	KEEP	캐슈넛 식별과 밝기는 양호하나 광고 연출은 다소 단순함	-	-
63	껍질째 먹는 캘리포니아 구운 아몬드 450g	견과·건과류	https://images.unsplash.com/photo-1508061253366-f7da158b6d46?w=600&auto=format&fit=crop&q=80	2	2	2	2	2	10	KEEP	구운 아몬드의 질감과 상품 일치도가 높음	-	-
64	무설탕 유기농 동결건조 딸기 & 블루베리 50g	견과·건과류	https://thumb.wikimedia.org/wikipedia/commons/thumb/a/a2/Freeze-dried_strawberries.jpg/960px-Freeze-dried_strawberries.jpg?utm_source=commons.wikimedia.org&utm_campaign=imageinfo&utm_content=thumbnail	1	1	1	0	2	5	REVIEW	동결건조 딸기만 가득하고 상품명의 블루베리가 보이지 않음	동결건조 딸기와 블루베리를 반반 섞은 작은 세라믹 볼과 몇 조각의 바삭한 단면을 보여주는 밝은 사진	-
65	생생 햄프씨드 껍질 벗긴 대마씨 250g	견과·건과류	https://thumb.wikimedia.org/wikipedia/commons/thumb/1/16/Shelled_hemp_seeds.jpg/960px-Shelled_hemp_seeds.jpg?utm_source=commons.wikimedia.org&utm_campaign=imageinfo&utm_content=thumbnail	2	1	1	2	1	7	REVIEW	제품 내용물은 맞지만 금속 용기와 평평한 원재료 사진 느낌으로 구매 매력이 낮음	작은 아이보리 세라믹 볼의 햄프씨드와 요거트에 토핑한 섭취 장면을 함께 보여주는 자연광 사진	-
66	지중해 사막의 선물 무첨가 대추야자 데이츠 200g	견과·건과류	https://images.unsplash.com/photo-1629738601425-494c3d6ba3e2?w=600&auto=format&fit=crop&q=80	2	2	2	2	2	10	KEEP	대추야자가 깨끗한 볼에 담겨 식별성과 구매 매력이 높음	-	-
67	바질페스토 시즈닝 구운 마카다미아 150g	견과·건과류	https://thumb.wikimedia.org/wikipedia/commons/thumb/a/a3/Macadamia_nut_kernels.jpg/960px-Macadamia_nut_kernels.jpg?utm_source=commons.wikimedia.org&utm_campaign=imageinfo&utm_content=thumbnail	2	1	1	0	2	6	REVIEW	흰 배경의 생 마카다미아 알맹이만 보여 바질페스토 시즈닝과 구운 질감이 없음	바질페스토 시즈닝이 얇게 묻은 구운 마카다미아를 베이지 볼에 담고 바질 잎을 소량 곁들인 사진	-
68	볶은 검은콩 서리태 스낵 200g	견과·건과류	https://thumb.wikimedia.org/wikipedia/commons/thumb/5/55/Black_soybeans.jpg/960px-Black_soybeans.jpg?utm_source=commons.wikimedia.org&utm_campaign=imageinfo&utm_content=thumbnail	1	0	0	1	1	3	REPLACE	검은콩이 화면을 빽빽하게 채워 금속 알갱이처럼 보이고 볶은 스낵의 먹음직스러움이 없음	작은 베이지 볼에 윤기 적은 볶은 서리태를 담고 몇 알의 갈라진 바삭한 단면을 보여주는 밝은 사진	unappetizing/tight crop
69	유기농 무염 볶은 호박씨 250g	견과·건과류	https://images.unsplash.com/photo-1545447859-6a9eca16e6ed?w=600&auto=format&fit=crop&q=80	1	1	1	2	1	6	REVIEW	호박씨가 작은 유리병 가장자리와 흐린 배경에 있어 카드 crop에서 주 피사체가 약함	아이보리 세라믹 볼에 볶은 호박씨를 풍성하게 담고 중앙 초점을 선명하게 맞춘 자연광 사진	-
70	브라질너트 셀레늄 데일리 보울 180g	견과·건과류	https://thumb.wikimedia.org/wikipedia/commons/thumb/d/d6/Bertholletia_excelsa_seeds_closeup.jpg/960px-Bertholletia_excelsa_seeds_closeup.jpg?utm_source=commons.wikimedia.org&utm_campaign=imageinfo&utm_content=thumbnail	2	1	1	2	2	8	KEEP	브라질너트 형태는 명확하나 연출은 다소 자료사진형임	-	-
71	데일리 올인원 활력 멀티비타민 & 미네랄 60정	영양제·비타민	https://images.unsplash.com/photo-1584308666744-24d5c474f2ae?w=600&auto=format&fit=crop&q=80	1	0	0	1	2	4	REPLACE	75번과 동일한 다수의 블리스터 팩으로 약국·의약품처럼 보임	무광 아이보리 영양제 병과 소수의 정제를 베이지 표면에 놓고 뮤트 그린 라벨로 정돈한 웰니스 제품 사진	medical look; duplicate URL
72	퓨어 rTG 알티지 오메가3 1000mg 60캡슐	영양제·비타민	https://thumb.wikimedia.org/wikipedia/commons/thumb/b/b0/Omega_3_gelcap.jpg/960px-Omega_3_gelcap.jpg?utm_source=commons.wikimedia.org&utm_campaign=imageinfo&utm_content=thumbnail	1	0	0	2	2	5	REPLACE	손가락으로 큰 캡슐 하나를 든 임상 자료사진처럼 보여 대표 상품성이 없음	앰버 유리병과 투명 골드 오메가3 캡슐 몇 개를 아이보리 배경에 중앙 배치한 미니멀 웰니스 사진	medical/laboratory look
73	100억 생유산균 신바이오틱스 포스트바이오틱스 30포	영양제·비타민	https://images.unsplash.com/photo-1593095948071-474c5cc2989d?w=600&auto=format&fit=crop&q=80	0	0	0	0	2	2	REPLACE	78·79번과 동일한 흰 분말·스쿱 사진이며 30포 유산균 상품을 식별할 수 없음	아이보리 스틱 파우치 30포 패키지와 작은 유산균 스틱 한 개를 베이지 배경에 정돈한 클린 웰니스 사진	raw powder; duplicate URL
74	간 편한 밀크씨슬 실리마린 & 비타민B 60정	영양제·비타민	https://images.unsplash.com/photo-1584017911766-d451b3d0e843?w=600&auto=format&fit=crop&q=80	1	0	0	0	2	3	REPLACE	80번과 동일한 다색 알약 더미로 제품 성분을 구분할 수 없고 의약품처럼 보임	무광 웜화이트 영양제 병과 갈색 정제 몇 개를 밀크씨슬 잎의 은은한 소품과 함께 정돈한 사진	medical look; duplicate URL
75	고함량 마그네슘 비타민B6 릴렉스 60정	영양제·비타민	https://images.unsplash.com/photo-1584308666744-24d5c474f2ae?w=600&auto=format&fit=crop&q=80	1	0	0	1	2	4	REPLACE	71번과 동일한 블리스터 팩으로 미니멀 웰니스 상품 사진이 아님	뮤트 그린 포인트의 아이보리 영양제 병과 소수 정제를 깨끗한 베이지 표면에 둔 릴렉스 무드 사진	medical look; duplicate URL
76	햇살 비타민D3 4000IU + 비타민K2 60캡슐	영양제·비타민	https://thumb.wikimedia.org/wikipedia/commons/thumb/9/98/Algae_omega-3_270mg_capsules_-_vegan.jpg/960px-Algae_omega-3_270mg_capsules_-_vegan.jpg?utm_source=commons.wikimedia.org&utm_campaign=imageinfo&utm_content=thumbnail	1	0	0	1	2	4	REPLACE	77번과 동일한 대형 붉은 캡슐 매크로로 성분 구분이 안 되고 의약품 인상이 강함	아이보리 병과 작은 소프트젤을 따뜻한 자연광 아래 두고 햇살 그림자를 살린 미니멀 제품 사진	medical look; duplicate URL
77	루테인 지아잔틴 아스타잔틴 아이케어 30캡슐	영양제·비타민	https://thumb.wikimedia.org/wikipedia/commons/thumb/9/98/Algae_omega-3_270mg_capsules_-_vegan.jpg/960px-Algae_omega-3_270mg_capsules_-_vegan.jpg?utm_source=commons.wikimedia.org&utm_campaign=imageinfo&utm_content=thumbnail	1	0	0	1	2	4	REPLACE	76번과 동일한 붉은 캡슐 매크로로 아이케어 제품성을 전달하지 못함	차분한 뮤트 그린 라벨의 웰니스 병과 붉은 소프트젤 몇 개를 베이지 배경에 정돈한 미니멀 사진	medical look; duplicate URL
78	저분자 피쉬 콜라겐 펩타이드 3270mg 30포	영양제·비타민	https://images.unsplash.com/photo-1593095948071-474c5cc2989d?w=600&auto=format&fit=crop&q=80	1	0	0	1	2	4	REPLACE	73·79번과 동일한 흰 가루·스쿱 사진으로 스틱형 콜라겐 상품성이 없음	아이보리 콜라겐 스틱과 작은 유리잔을 베이지 표면에 정돈하고 맑은 물의 섭취 장면을 함께 보여주는 사진	raw powder; duplicate URL
79	옥타코사놀 아르기닌 맥스 활력환 30포	영양제·비타민	https://images.unsplash.com/photo-1593095948071-474c5cc2989d?w=600&auto=format&fit=crop&q=80	0	0	0	0	2	2	REPLACE	73·78번과 동일한 흰 분말인데 상품은 활력환 30포라 형태도 명백히 다름	작은 갈색 활력환과 아이보리 스틱 파우치를 뮤트 그린 포인트와 함께 정돈한 웰니스 제품 사진	title mismatch; duplicate URL
80	이뮨 아연 비타민C 츄어블 90정	영양제·비타민	https://images.unsplash.com/photo-1584017911766-d451b3d0e843?w=600&auto=format&fit=crop&q=80	1	1	0	1	2	5	REPLACE	74번과 동일한 다색 알약 더미로 90정 츄어블 제품을 구분하기 어려움	아이보리 병과 연노랑 츄어블 정제 몇 개를 레몬 조각과 함께 베이지 배경에 정돈한 사진	medical look; duplicate URL
81	제로슈가 저칼로리 스위트 칠리소스 310g	소스·조미료	https://thumb.wikimedia.org/wikipedia/commons/thumb/7/75/Sweet_Chili_Sauce_%28cropped%29.jpg/960px-Sweet_Chili_Sauce_%28cropped%29.jpg?utm_source=commons.wikimedia.org&utm_campaign=imageinfo&utm_content=thumbnail	2	2	1	2	2	9	REPLACE	83번 불닭 소스와 동일한 소스 볼 사진으로 두 상품을 구분할 수 없음	깨끗한 투명 병과 작은 소스 볼에 윤기 있는 스위트 칠리소스를 담고 채소 디핑 장면을 곁들인 사진	duplicate URL
82	저염 무설탕 알룰로스 진양조간장 500ml	소스·조미료	https://images.unsplash.com/photo-1638324396179-61035bc1e645?w=600&auto=format&fit=crop&q=80	2	2	2	1	2	9	KEEP	간장 병이 중앙에 명확하고 밝은 주방 배경이 광고 이미지로 적합함	-	-
83	제로 알룰로스 불닭 스파이시 소스 280g	소스·조미료	https://thumb.wikimedia.org/wikipedia/commons/thumb/7/75/Sweet_Chili_Sauce_%28cropped%29.jpg/960px-Sweet_Chili_Sauce_%28cropped%29.jpg?utm_source=commons.wikimedia.org&utm_campaign=imageinfo&utm_content=thumbnail	2	2	1	2	2	9	REPLACE	81번 스위트 칠리와 동일한 사진으로 매운 불닭 소스 고유성이 없음	짙은 붉은 불닭 소스를 작은 블랙 디핑볼과 슬림 병에 담고 구운 닭 한 조각을 곁들인 밝은 사진	duplicate URL
84	올리브유로 만든 제로 저당 마요네즈 240g	소스·조미료	https://images.unsplash.com/photo-1562114808-b4b33cf60f4f?w=600&auto=format&fit=crop&q=80	2	2	1	2	2	9	KEEP	마요네즈 질감과 사용 장면이 깨끗하고 명확함	-	-
85	무설탕 저칼로리 토마토 케첩 320g	소스·조미료	https://images.unsplash.com/photo-1472476443507-c7a5948772fc?w=600&auto=format&fit=crop&q=80	2	2	2	2	2	10	KEEP	토마토와 완성 소스가 함께 보여 식별성과 구매 매력이 높음	-	-
86	핑크 히말라야 락솔트 그라인더 200g	소스·조미료	https://thumb.wikimedia.org/wikipedia/commons/thumb/4/46/Himalayan_salt_%28coarse%29.jpg/960px-Himalayan_salt_%28coarse%29.jpg?utm_source=commons.wikimedia.org&utm_campaign=imageinfo&utm_content=thumbnail	1	1	1	0	2	5	REPLACE	핑크 소금 원석만 있고 핵심 판매 형태인 그라인더가 전혀 보이지 않음	투명 유리 그라인더 안의 핑크 소금을 중앙에 세우고 작은 소금 결정과 샐러드 사용 장면을 곁들인 사진	title mismatch; raw ingredient
87	천연 효모 추출 비건 감칠맛 채수 파우더 120g	소스·조미료	https://thumb.wikimedia.org/wikipedia/commons/thumb/0/0d/Mushroom_powder%2C_Boletus_edulis%2C_dried_and_freshly_ground.jpg/960px-Mushroom_powder%2C_Boletus_edulis%2C_dried_and_freshly_ground.jpg?utm_source=commons.wikimedia.org&utm_campaign=imageinfo&utm_content=thumbnail	1	0	0	1	1	3	REPLACE	큰 통 안의 회색 가루와 금속 스쿱이 공정용 원료 사진처럼 보임	아이보리 주방 테이블 위 작은 세라믹 볼의 채수 파우더와 나무 스푼·버섯·양파·대파를 밝게 배치한 사진	bulk bucket/raw powder
88	무가당 100% 볶은 땅콩 피넛버터 크런치 340g	소스·조미료	https://images.unsplash.com/photo-1564988208558-9270de7c5848?w=600&auto=format&fit=crop&q=80	2	2	2	2	2	10	KEEP	피넛버터와 땅콩이 함께 보여 크런치 제품을 직관적으로 이해할 수 있음	-	-
89	제로 알룰로스 머스타드 딥 소스 260g	소스·조미료	https://thumb.wikimedia.org/wikipedia/commons/thumb/9/9c/Mustard_sauce_2.jpg/960px-Mustard_sauce_2.jpg?utm_source=commons.wikimedia.org&utm_campaign=imageinfo&utm_content=thumbnail	2	0	0	2	1	5	REVIEW	탁한 갈색 소스 한 그릇만 있어 머스타드 특유의 밝은 식욕감과 사용 장면이 없음	작은 세라믹 딥볼의 골든 머스타드와 구운 채소 스틱을 깨끗한 아이보리 식탁에 배치한 사진	-
90	천연 아카시아 생 알룰로스 시럽 480g	소스·조미료	https://thumb.wikimedia.org/wikipedia/commons/thumb/c/cc/Sugar_Syrup.jpg/960px-Sugar_Syrup.jpg?utm_source=commons.wikimedia.org&utm_campaign=imageinfo&utm_content=thumbnail	1	1	1	1	2	6	REVIEW	탑뷰의 투명 시럽 그릇만 보여 480g 병과 아카시아 제품성이 약함	슬림한 투명 시럽 병과 작은 스푼의 맑은 알룰로스를 아카시아 꽃과 함께 밝은 베이지 배경에 둔 사진	-
91	유기농 엑스트라버진 냉압착 아보카도 오일 250ml	기타 건강식품	https://upload.wikimedia.org/wikipedia/commons/a/aa/AvocadoOil.png?utm_source=commons.wikimedia.org&utm_campaign=imageinfo&utm_content=thumbnail_unscaled	1	1	1	1	1	5	REVIEW	작은 샘플병처럼 보이고 카드 crop에서 아보카도 오일의 원료와 프리미엄성이 약함	짙은 유리병의 황록색 아보카도 오일과 반쪽 아보카도를 아이보리 식탁에 정돈한 자연광 사진	-
92	자연 건조 차전자피 식이섬유 100% 200g	기타 건강식품	https://thumb.wikimedia.org/wikipedia/commons/thumb/1/16/Culinary_psyllium%2C_Russian_market_13.jpg/960px-Culinary_psyllium%2C_Russian_market_13.jpg?utm_source=commons.wikimedia.org&utm_campaign=imageinfo&utm_content=thumbnail	1	0	0	2	1	4	REPLACE	대형 플라스틱 통과 시장 라벨이 보이는 벌크 원재료 사진으로 쇼핑몰 대표 이미지에 부적합	작은 세라믹 볼의 차전자피와 나무 스푼·물 한 잔을 베이지 표면에 정돈한 밝은 섭취 제안 사진	bulk/raw material
93	유기농 무가당 카카오 파우더 200g	기타 건강식품	https://thumb.wikimedia.org/wikipedia/commons/thumb/d/d4/Cocoa-powder-1883108.jpg/960px-Cocoa-powder-1883108.jpg?utm_source=commons.wikimedia.org&utm_campaign=imageinfo&utm_content=thumbnail	2	1	1	2	2	8	KEEP	카카오 파우더가 깨끗한 흰 볼에 선명하게 보여 제품 식별이 쉬움	-	-
94	천연 순수 아카시아 튜브 벌꿀 300g	기타 건강식품	https://images.unsplash.com/photo-1668510468038-3607aae3f03c?w=600&auto=format&fit=crop&q=80	2	2	2	0	2	8	REPLACE	먹음직스러운 꿀이지만 유리병이라 상품명의 튜브 포장과 명백히 다름	아이보리 라벨의 슬림 튜브형 아카시아 꿀과 우드 디퍼의 꿀 한 방울을 밝은 식탁에 배치한 사진	title/package mismatch
95	국산 발효 흑마늘 진액 70ml x 15포	기타 건강식품	https://thumb.wikimedia.org/wikipedia/commons/thumb/7/70/2023_Czarny_czosnek_fermentowany_%281%29.jpg/960px-2023_Czarny_czosnek_fermentowany_%281%29.jpg?utm_source=commons.wikimedia.org&utm_campaign=imageinfo&utm_content=thumbnail	0	0	0	0	2	2	REPLACE	흑마늘 원물 단면만 있고 진액·파우치·섭취 형태가 전혀 없음	아이보리 파우치 여러 개와 작은 유리잔의 흑마늘 진액을 흑마늘 한 쪽과 함께 정돈한 밝은 사진	title mismatch; raw ingredient
96	콜드프레스 유기농 로우 MCT 오일 C8 99% 500ml	기타 건강식품	https://upload.wikimedia.org/wikipedia/commons/f/f3/Coconut_and_oil.jpg?utm_source=commons.wikimedia.org&utm_campaign=imageinfo&utm_content=thumbnail_unscaled	1	1	1	1	2	6	REVIEW	코코넛과 일반 오일 자료사진으로 500ml C8 MCT 병과 기능성 제품성이 약함	미니멀한 500ml 투명 병의 맑은 MCT 오일과 코코넛 조각을 아이보리 식탁에 중앙 배치한 사진	-
97	제주 유기농 녹차 카테킨 분말 100g	기타 건강식품	https://thumb.wikimedia.org/wikipedia/commons/thumb/f/f4/Matcha_layout_with_leaf%2C_tea%2C_and_powder.jpg/960px-Matcha_layout_with_leaf%2C_tea%2C_and_powder.jpg?utm_source=commons.wikimedia.org&utm_campaign=imageinfo&utm_content=thumbnail	2	2	2	2	2	10	KEEP	녹차 분말과 실제 음용 형태가 함께 보여 카테고리 아트디렉션에 잘 맞음	-	-
98	스위트 바질씨드 워터 믹스 150g	기타 건강식품	https://thumb.wikimedia.org/wikipedia/commons/thumb/2/2d/Basil_seeds.jpg/960px-Basil_seeds.jpg?utm_source=commons.wikimedia.org&utm_campaign=imageinfo&utm_content=thumbnail	0	0	0	0	1	1	REPLACE	검은 바질씨앗이 프레임을 가득 채운 원재료 매크로로 워터 믹스와 섭취 형태를 이해하기 어려움	투명한 물잔 속 불린 바질씨드와 레몬 슬라이스를 보여주고 작은 씨앗 볼을 곁들인 밝은 사진	title mismatch; raw ingredient
99	동결건조 맥주효모 분말 250g	기타 건강식품	https://thumb.wikimedia.org/wikipedia/commons/thumb/b/bb/Bj%C3%A4st.jpg/960px-Bj%C3%A4st.jpg?utm_source=commons.wikimedia.org&utm_campaign=imageinfo&utm_content=thumbnail	0	0	0	1	1	2	REPLACE	금속 체와 여러 통의 분말이 보이는 제조·가공 현장 사진으로 상품 광고에 부적합	작은 세라믹 볼의 연베이지 맥주효모 분말과 나무 스푼·요거트 섭취 장면을 함께 둔 밝은 사진	manufacturing process
100	유기농 야생 빌베리 루테인 파우더 100g	기타 건강식품	https://thumb.wikimedia.org/wikipedia/commons/thumb/e/e0/Purple_potato_powder_and_blueberry_powder.jpg/960px-Purple_potato_powder_and_blueberry_powder.jpg?utm_source=commons.wikimedia.org&utm_campaign=imageinfo&utm_content=thumbnail	0	0	0	1	1	2	REPLACE	산업용 금속 통의 여러 색 분말로 보이며 빌베리 루테인 상품을 식별할 수 없음	작은 아이보리 볼의 보랏빛 빌베리 파우더와 생빌베리·스무디 한 잔을 베이지 배경에 정돈한 사진	manufacturing/raw material; title mismatch
