product_id	product_name	category	replacement_priority	current_problem	visual_concept	image_generation_prompt	negative_prompt	recommended_crop
1	리얼 스팀 수비드 닭가슴살 오리지널 100g	닭가슴살·고단백 식품	P2	구운 닭가슴살 사진이 3개 상품에 반복되어 수비드 오리지널의 고유성이 없음	촉촉한 수비드 원형 필렛과 맑은 육즙	A single fully cooked sous-vide chicken breast fillet on an oval ivory ceramic plate, one clean slice revealing a moist tender interior, a light natural jus, minimal thyme and blanched asparagus, pale warm-beige tabletop, no heavy grill marks. Premium wellness food commercial photography, soft bright natural window light, ivory and warm beige palette with a subtle muted-green accent, clean fresh styling, realistic appetizing texture, centered hero composition, generous crop-safe margin, high-end online grocery product-card image, square frame.	dark or underexposed, oversaturated, raw chicken, heavy char, factory, warehouse, manufacturing process, bulk bin, bucket, metal scoop, industrial container, blog or editorial stock-photo look, text, letters, logo, watermark, fake Korean packaging copy, human face, hands, medical or laboratory scene, clutter, cropped hero subject, low resolution, blur, CGI, plastic-looking food	1:1 square; ProductCard uses object-fit: cover; keep the complete hero subject and key ingredients within the central 80% safe area for 5% hover zoom
2	그릴드 훈제 닭가슴살 슬라이스 칠리페퍼 120g	닭가슴살·고단백 식품	P2	1·5번과 동일한 통구이 사진이며 슬라이스와 칠리 시즈닝이 보이지 않음	부채꼴 훈제 슬라이스와 붉은 칠리 포인트	Thin fully cooked smoked chicken-breast slices arranged in a neat fan on a round warm-beige plate, visible smoky browned edges, restrained red chili flakes and roasted red pepper slivers, one muted-green herb sprig, clearly different from a whole sous-vide fillet. Premium wellness food commercial photography, soft bright natural window light, ivory and warm beige palette, clean fresh styling, realistic juicy texture, centered crop-safe composition, square online grocery hero image.	dark or underexposed, oversaturated, raw chicken, whole unsliced breast, chicken chips, factory, warehouse, bulk container, metal scoop, blog stock photo, text, logo, watermark, fake Korean packaging copy, human face, hands, medical scene, clutter, cropped food, low resolution, blur, CGI	1:1 square; ProductCard uses object-fit: cover; keep the complete hero subject and key ingredients within the central 80% safe area for 5% hover zoom
5	순수 단백 100% 동결건조 닭가슴살 칩 30g	닭가슴살·고단백 식품	P2	동결건조 칩이 아니라 구운 닭가슴살이며 1·2번과 동일 이미지	가볍고 바삭한 닭가슴살 칩 스낵 볼	A small matte ivory ceramic bowl filled with thin freeze-dried chicken-breast chips, pale golden edges, airy porous texture and several broken pieces showing crispness, a folded beige linen and one tiny muted-green herb accent, no plated chicken steak. Premium wellness snack commercial photography, bright soft natural light, clean warm-beige set, centered bowl, highly realistic edible texture, square crop-safe product-card composition.	dark image, oversaturation, raw meat, grilled chicken breast, sliced smoked chicken, oily fried chips, factory, bulk tub, metal scoop, industrial vessel, text, logo, watermark, fake Korean copy, people, hands, medical imagery, clutter, cropped bowl, low resolution, blur, CGI	1:1 square; ProductCard uses object-fit: cover; keep the complete hero subject and key ingredients within the central 80% safe area for 5% hover zoom
9	프로틴 흰살생선 대구살 큐브 120g	닭가슴살·고단백 식품	P1	성에 낀 생대구 원물 클로즈업으로 완성 상품과 구매 장면을 상상하기 어려움	노릇하게 익힌 한입 대구 큐브 플레이트	Fully cooked bite-size cod cubes with delicate golden seared surfaces and flaky white interiors, arranged at the center of an ivory ceramic plate with a restrained lemon wedge, dill and a few green peas, clean appetizing plating, no raw or frozen fish. Premium wellness food commercial photography, bright diffused natural window light, warm beige background, realistic moist fish texture, centered square composition with generous safe margins.	dark, oversaturated, raw fish, frozen fillet, frost, ice, whole fish, factory, market display, bulk bin, metal scoop, industrial container, blog reference photo, text, logo, watermark, human face, hands, medical scene, clutter, cropped food, low resolution, blur, CGI	1:1 square; ProductCard uses object-fit: cover; keep the complete hero subject and key ingredients within the central 80% safe area for 5% hover zoom
10	부드러운 소고기 우둔살 슬라이스 100g	닭가슴살·고단백 식품	P2	13번 도시락과 동일한 통스테이크 사진이며 슬라이스 형태가 보이지 않음	얇게 겹친 부드러운 우둔살 슬라이스	Thin fully cooked beef round slices gently overlapped on a pale stoneware plate, moist tender cut surfaces, light pepper and a small muted-green watercress garnish, minimal jus, no steak slab and no lunchbox. Premium wellness protein-food commercial photography, soft bright natural light, ivory and warm beige styling, realistic appetizing meat texture, centered crop-safe square frame.	dark, oversaturated, raw beef, rare bloody meat, whole steak slab, divided lunchbox, factory, warehouse, bulk container, blog stock photo, text, logo, watermark, fake Korean copy, people, hands, medical scene, clutter, cropped subject, blur, low resolution, CGI	1:1 square; ProductCard uses object-fit: cover; keep the complete hero subject and key ingredients within the central 80% safe area for 5% hover zoom
11	저당 곤약 현미 닭가슴살 볶음밥 도시락 250g	도시락·간편식	P3	탁하고 평평한 색감의 하이난 치킨라이스 자료사진으로 음식이 맛없어 보이며 곤약 현미 볶음밥 도시락의 구성도 전달되지 않음	윤기 있는 곤약 현미 볶음밥과 닭가슴살 큐브 도시락	An appetizing prepared meal in a clean shallow ivory lunch tray: glossy but light konjac brown-rice fried rice with visible grains, golden chicken-breast cubes, diced carrot, peas and crisp broccoli, balanced portions and fresh steam, clearly a modern healthy ready meal. Premium wellness food commercial photography, soft bright natural window light, warm beige tabletop and subtle muted-green napkin, centered square composition with the full tray crop-safe.	dull gray food, dry rice, greasy rice, Hainanese chicken rice, raw ingredients, dark lighting, oversaturation, factory, cafeteria, blog reference photo, text, logo, watermark, fake Korean packaging copy, people, hands, medical scene, clutter, cropped tray, blur, low resolution, CGI	1:1 square; ProductCard uses object-fit: cover; keep the complete hero subject and key ingredients within the central 80% safe area for 5% hover zoom
13	소고기 우둔살 & 구운 야채 클린 도시락 280g	도시락·간편식	P2	10번과 동일 이미지이고 도시락 구성과 구운 야채 비중이 드러나지 않음	분할 도시락의 우둔살과 컬러 구운 채소	A complete clean meal in a rectangular ivory divided lunchbox: tender beef round slices in one section, roasted zucchini, yellow pumpkin, broccoli and red pepper in another, a small portion of brown rice, tidy colorful composition distinct from a plated beef-only dish. Premium wellness ready-meal commercial photography, bright natural window light, warm beige background, fresh realistic textures, centered square card composition with full tray visible.	dark, oversaturated, raw beef, whole steak, empty tray, factory, cafeteria, blog stock photo, text, logo, watermark, fake Korean copy, people, hands, medical scene, clutter, cropped lunchbox, blur, low resolution, CGI	1:1 square; ProductCard uses object-fit: cover; keep the complete hero subject and key ingredients within the central 80% safe area for 5% hover zoom
18	단백질 듬뿍 오트밀 닭가슴살 영양죽 280g	도시락·간편식	P1	회갈색 묽은 죽이 밋밋하고 닭가슴살이나 영양 구성이 보이지 않아 구매 욕구가 낮음	크리미한 오트밀 영양죽과 결이 보이는 닭고기	A creamy warm oatmeal porridge in a shallow ivory bowl, visibly wholesome oat texture, topped with tender shredded chicken breast, tiny carrot cubes, scallion rings and a few toasted oat flakes, subtle steam and glossy appetizing surface. Premium wellness food commercial photography, soft bright morning window light, warm beige linen and muted-green accent, centered crop-safe square composition.	gray watery porridge, lumpy paste, raw chicken, dark lighting, oversaturation, factory, cafeteria, bulk pot, metal ladle, blog reference photo, text, logo, watermark, people, hands, medical scene, clutter, cropped bowl, blur, low resolution, CGI	1:1 square; ProductCard uses object-fit: cover; keep the complete hero subject and key ingredients within the central 80% safe area for 5% hover zoom
19	지중해식 구운 병아리콩 & 가지 그라탕 220g	도시락·간편식	P1	여러 반찬이 섞인 식당 자료사진으로 병아리콩·가지 그라탕이 무엇인지 명확하지 않음	타원 오븐 접시의 가지 층과 병아리콩 그라탕	A small oval ivory baking dish containing a fully cooked Mediterranean eggplant and chickpea gratin, visible layered eggplant slices and whole chickpeas, lightly browned savory top, a few parsley leaves and roasted tomato, single focused dish only. Premium wellness ready-meal commercial photography, bright soft natural light, warm beige tabletop, realistic appetizing baked texture, centered square crop-safe composition.	multiple unrelated side dishes, buffet plate, restaurant snapshot, raw eggplant, dark or burnt food, oversaturated colors, factory, text, logo, watermark, people, hands, medical scene, clutter, cropped baking dish, blur, low resolution, CGI	1:1 square; ProductCard uses object-fit: cover; keep the complete hero subject and key ingredients within the central 80% safe area for 5% hover zoom
20	고구마 닭가슴살 소시지 플래터 도시락 270g	도시락·간편식	P2	고구마 조각만 보이고 핵심인 닭가슴살 소시지와 도시락 구성이 없음	고구마 큐브와 닭가슴살 소시지 코인의 균형 플래터	A complete healthy platter in a shallow ivory meal tray, golden roasted sweet-potato cubes beside sliced chicken-breast sausage coins with lightly browned edges, fresh green beans and baby spinach for contrast, all elements clearly visible. Premium wellness food commercial photography, soft bright natural window light, warm beige set, appetizing realistic texture, centered square crop-safe composition.	only sweet potato, raw sausage, greasy processed meat, dark lighting, oversaturation, factory, cafeteria, blog snapshot, text, logo, watermark, fake Korean packaging, people, hands, medical scene, clutter, cropped tray, blur, low resolution, CGI	1:1 square; ProductCard uses object-fit: cover; keep the complete hero subject and key ingredients within the central 80% safe area for 5% hover zoom
29	제로 알룰로스 단백질 젤리 청포도맛 50g	프로틴바·건강간식	P2	청포도 단백질 젤리가 아니라 다색 곰돌이 구미로 보여 맛과 상품 유형이 불일치	반투명 청포도 젤리와 청포도 한 송이	Translucent pale-green grape protein jelly pieces in a small clear glass bowl, smooth chewy surfaces and a few cut pieces revealing texture, three fresh green grapes and a muted-green linen accent, refined adult wellness snack styling. Premium commercial food photography, bright diffused natural light, ivory and warm beige background, centered square crop-safe composition.	rainbow gummy bears, multicolor candy, children's candy styling, neon green, oversaturated, dark, factory, bulk candy bin, text, logo, watermark, fake Korean package copy, people, hands, medical scene, clutter, cropped bowl, blur, low resolution, CGI	1:1 square; ProductCard uses object-fit: cover; keep the complete hero subject and key ingredients within the central 80% safe area for 5% hover zoom
31	무가당 고단백 수제 그래놀라 오리지널 400g	시리얼·그래놀라	P2	동일 그래놀라 사진이 7개 상품에 반복되어 개별 상품 구분이 불가능함	오리지널 귀리 클러스터와 아몬드·호박씨	Chunky unsweetened high-protein oat granola clusters in a wide matte ivory ceramic bowl, visible toasted almonds, pumpkin seeds and pale protein crisps, a neutral beige linen and a small wooden spoon beside the bowl, classic original flavor with no colorful fruit. Premium wellness cereal commercial photography, soft bright natural window light, warm beige set, fresh crisp texture, centered overhead three-quarter square composition.	cacao nibs, berries, cinnamon sticks, black sesame, black soybeans, konjac flakes, large soy balls, sweet-potato cubes, green apple, chia seeds, dark image, oversaturation, bulk bin, metal scoop, factory, text, logo, watermark, people, hands, clutter, cropped bowl, blur, low resolution, CGI	1:1 square; ProductCard uses object-fit: cover; keep the complete hero subject and key ingredients within the central 80% safe area for 5% hover zoom
32	카카오 닙스 고단백 롤드오트 그래놀라 350g	시리얼·그래놀라	P2	7개 상품 공용 이미지이며 카카오 닙스가 전혀 보이지 않음	짙은 카카오 닙스와 롤드오트 초콜릿 클러스터	Deep cocoa-toned high-protein rolled-oat granola in a low warm-gray ceramic bowl, abundant visible cacao nibs and dark oat clusters, a few raw cacao beans at the edge, elegant restrained chocolate palette. Premium wellness cereal commercial photography, soft bright natural window light, ivory and warm beige set, crisp realistic texture, centered three-quarter square composition with safe margins.	plain golden granola, berries, cinnamon, black sesame, soybeans, konjac, soy balls, sweet potato, apple, neon chocolate, dark underexposed image, factory, bulk tub, metal scoop, text, logo, watermark, people, hands, clutter, cropped bowl, blur, CGI	1:1 square; ProductCard uses object-fit: cover; keep the complete hero subject and key ingredients within the central 80% safe area for 5% hover zoom
33	저당 베리베리 프로틴 시리얼 300g	시리얼·그래놀라	P2	40번과 동일한 일반 시리얼 사진이며 베리류가 보이지 않음	프로틴 퍼프와 동결건조 딸기·블루베리	Pale crisp protein cereal puffs in a white ceramic breakfast bowl with clearly visible freeze-dried strawberry slices, whole blueberries and raspberry crumbs, a small splash of milk and a soft dusty-rose napkin, bright but not saturated. Premium wellness cereal commercial photography, clean natural light, ivory and warm beige setting, appetizing crisp texture, centered square crop-safe composition.	green apple, chia seeds, plain granola, no berries, rainbow cereal, oversaturated red or blue, dark, factory, bulk bin, metal scoop, text, logo, watermark, people, hands, clutter, cropped bowl, blur, low resolution, CGI	1:1 square; ProductCard uses object-fit: cover; keep the complete hero subject and key ingredients within the central 80% safe area for 5% hover zoom
34	유기농 통귀리 오토그래놀라 시나몬 400g	시리얼·그래놀라	P2	7개 상품 공용 그래놀라 이미지로 통귀리·시나몬 제품의 고유성이 없음	통귀리 플레이크·피칸·시나몬의 따뜻한 볼	Large whole rolled oats and rustic granola clusters in a sand-colored ceramic bowl, visible pecan halves, a single cinnamon stick and a very light cinnamon dusting, warm aromatic breakfast mood distinct from other granolas. Premium wellness cereal commercial photography, soft bright natural window light, ivory and warm beige palette, crisp realistic texture, centered square crop-safe composition.	cacao nibs, berries, black sesame, black soybeans, konjac flakes, soy balls, sweet potato, green apple, chia seeds, dark, oversaturated, factory, bulk container, metal scoop, text, logo, watermark, people, hands, clutter, cropped bowl, blur, CGI	1:1 square; ProductCard uses object-fit: cover; keep the complete hero subject and key ingredients within the central 80% safe area for 5% hover zoom
35	하이프로틴 흑임자 서리태 그래놀라 350g	시리얼·그래놀라	P2	7개 상품 공용 이미지이며 흑임자와 서리태가 보이지 않음	흑임자 클러스터와 검은 서리태의 명확한 대비	Charcoal-speckled black-sesame granola clusters in a pale celadon ceramic bowl, glossy roasted black soybeans clearly mixed throughout, a small scattering of black sesame on the beige surface, strong ingredient distinction with restrained dark accents. Premium wellness cereal commercial photography, bright soft natural light, ivory warm-beige and muted-green palette, crisp appetizing texture, centered crop-safe square frame.	plain golden granola, cacao nibs, berries, cinnamon, konjac, large soy protein balls, sweet potato, green apple, oversaturated, underexposed black food, factory, bulk bin, metal scoop, text, logo, watermark, people, hands, clutter, cropped bowl, blur, CGI	1:1 square; ProductCard uses object-fit: cover; keep the complete hero subject and key ingredients within the central 80% safe area for 5% hover zoom
36	글루텐프리 퀴노아 라이스 크런치 280g	시리얼·그래놀라	P1	원본이 120×90으로 카드에서 심하게 확대되어 흐리고 상품도 부스러기처럼 보임	고해상도 퀴노아·라이스 퍼프 크런치	A shallow ivory ceramic bowl filled with distinct pale-gold puffed rice and tiny quinoa crisps, clean round airy shapes and crunchy porous texture in sharp high resolution, a few pieces scattered neatly on a warm beige surface. Premium wellness cereal commercial photography, soft bright natural window light, minimal muted-green accent, centered crop-safe square composition.	blurry, pixelated, low resolution, crumbs only, sugary glaze, colorful cereal, dark, oversaturated, factory, bulk bin, bucket, metal scoop, text, logo, watermark, people, hands, clutter, cropped bowl, CGI	1:1 square; ProductCard uses object-fit: cover; keep the complete hero subject and key ingredients within the central 80% safe area for 5% hover zoom
37	식단관리 저칼로리 곤약 그래놀라 300g	시리얼·그래놀라	P2	7개 상품 공용 이미지이며 곤약 플레이크가 구분되지 않음	가벼운 곤약 크리스프와 성긴 귀리 클러스터	A light low-calorie granola composition in a slim ivory bowl, visible thin pale konjac crisps mixed with sparse golden oat clusters and a few pumpkin seeds, airy generous spacing and a fresh restrained look. Premium wellness cereal commercial photography, bright diffused natural light, warm beige table and soft sage linen, realistic crunchy texture, centered square crop-safe image.	dense heavy granola, cacao, berries, cinnamon, black sesame, black soybeans, large soy balls, sweet potato, green apple, dark, oversaturated, factory, bulk bin, metal scoop, text, logo, watermark, people, hands, clutter, cropped bowl, blur, low resolution, CGI	1:1 square; ProductCard uses object-fit: cover; keep the complete hero subject and key ingredients within the central 80% safe area for 5% hover zoom
38	프로틴 맥스 소이볼 그래놀라 400g	시리얼·그래놀라	P2	7개 상품 공용 이미지이며 핵심 소이볼이 보이지 않음	둥근 소이 프로틴 볼이 풍성한 그래놀라	A warm-beige ceramic bowl of high-protein granola dominated by clearly visible round soy protein balls, mixed with toasted oat clusters and almond slivers, several soy balls arranged at the front to emphasize shape and crunch. Premium wellness cereal commercial photography, soft bright natural light, ivory backdrop and subtle sage accent, centered three-quarter square composition with safe margins.	plain granola, cacao nibs, berries, cinnamon, black sesame, black soybeans, konjac flakes, sweet potato, green apple, dark, oversaturated, factory, bulk container, metal scoop, text, logo, watermark, people, hands, clutter, cropped bowl, blur, CGI	1:1 square; ProductCard uses object-fit: cover; keep the complete hero subject and key ingredients within the central 80% safe area for 5% hover zoom
39	고구마 말랭이 듬뿍 옐로우 그래놀라 350g	시리얼·그래놀라	P2	7개 상품 공용 이미지이며 고구마 조각과 옐로우 톤이 없음	노란 고구마 말랭이 큐브와 골든 그래놀라	Golden oat granola in a pale mustard-beige ceramic bowl, plentiful yellow-orange dried sweet-potato cubes clearly visible among crisp clusters, a few curved sweet-potato strips at the edge, warm sunny but restrained palette. Premium wellness cereal commercial photography, bright soft window light, ivory background, realistic crunchy texture, centered crop-safe square image.	plain granola, cacao, berries, cinnamon, black sesame, soybeans, konjac, green apple, neon yellow, oversaturated orange, dark, factory, bulk bin, metal scoop, text, logo, watermark, people, hands, clutter, cropped bowl, blur, CGI	1:1 square; ProductCard uses object-fit: cover; keep the complete hero subject and key ingredients within the central 80% safe area for 5% hover zoom
40	그린 애플 & 치아씨드 로우 그래놀라 320g	시리얼·그래놀라	P2	33번과 동일한 일반 시리얼 사진이며 그린애플과 치아씨드가 보이지 않음	그린애플 칩과 치아씨드의 세이지 볼	Raw granola in a muted-sage ceramic bowl with clearly visible thin green-apple chips, small chia seeds coating several oat clusters and a few fresh pale-green apple slices, cool fresh ingredient identity distinct from berry cereal. Premium wellness cereal commercial photography, soft bright natural light, ivory and warm beige set, appetizing crisp texture, centered square crop-safe composition.	berries, pink cereal, plain granola, cacao, cinnamon, black sesame, black soybeans, konjac, soy balls, sweet potato, neon green, dark, factory, bulk bin, metal scoop, text, logo, watermark, people, hands, clutter, cropped bowl, blur, CGI	1:1 square; ProductCard uses object-fit: cover; keep the complete hero subject and key ingredients within the central 80% safe area for 5% hover zoom
42	무첨가 순수 아몬드 밀크 언스위트 190ml x 10팩	유제품·대체유	P2	46번 검은콩 두유와 동일한 흰 우유 사진이며 아몬드·10팩 상품성이 없음	투명 잔과 10개 미니팩의 순백 아몬드 밀크	A clear glass of smooth unsweetened almond milk as the hero, with ten small minimalist unbranded ivory drink cartons arranged softly out of focus behind it, a few whole almonds and one almond half nearby, bright clean presentation. Premium wellness beverage commercial photography, soft natural window light, ivory and warm beige palette with subtle muted green, centered square crop-safe composition, absolutely no package writing.	cow's milk pitcher, black soybeans, dark beverage, vintage plate, text, letters, numbers, logo, watermark, fake Korean packaging copy, factory, warehouse, bulk container, people, hands, medical scene, clutter, cropped glass or cartons, blur, low resolution, CGI	1:1 square; ProductCard uses object-fit: cover; keep the glass and the carton group within the central 80% safe area for 5% hover zoom
45	산양유 100% 무첨가 요거트 드링크 150ml	유제품·대체유	P2	50번 케피어와 동일한 일반 발효유 잔 사진으로 산양유 제품 고유성이 없음	작은 병의 진하고 매끈한 산양유 요거트	A small 150 ml clear glass bottle filled with thick smooth ivory goat-milk yogurt drink, one petite tasting glass beside it, subtle creamy swirl and a folded sage napkin, no large kefir bottle and no cartons. Premium wellness dairy commercial photography, soft bright natural window light, warm beige tabletop, clean fresh styling, centered square crop-safe composition, unbranded bottle with no text.	large 500 ml bottle, kefir grains, almond milk cartons, black soy milk, vintage dish, plain white liquid only, dark, oversaturated, factory, text, logo, watermark, fake Korean packaging copy, people, hands, medical scene, clutter, cropped bottle, blur, CGI	1:1 square; ProductCard uses object-fit: cover; keep the complete bottle and glass within the central 80% safe area for 5% hover zoom
46	국산 서리태 검은콩 두유 무가당 190ml x 16팩	유제품·대체유	P2	42번과 동일한 흰 우유 사진으로 검은콩 두유의 색과 16팩 구성이 명백히 다름	연회갈색 검은콩 두유와 서리태·미니팩 묶음	A clear glass containing naturally light taupe Korean black-soy milk, with sixteen small unbranded ivory cartons grouped neatly behind it using a subtle charcoal accent band without any writing, several roasted black soybeans in a tiny ceramic dish. Premium wellness beverage commercial photography, bright soft natural light, ivory and warm beige set, centered square crop-safe composition.	pure white cow's milk, almonds, almond cartons, neon colors, text, letters, numbers, logo, watermark, fake Korean package copy, factory, warehouse, bulk bin, vintage dish, people, hands, medical scene, clutter, cropped pack group, blur, low resolution, CGI	1:1 square; ProductCard uses object-fit: cover; keep the glass and pack group within the central 80% safe area for 5% hover zoom
47	코코넛 워터 베이스 무가당 코코넛 밀크 330ml	유제품·대체유	P1	낡은 무늬 접시의 묽은 흰 액체 탑뷰라 음료 상품으로 보이지 않고 구매 매력이 낮음	투명 병과 얼음잔의 가벼운 코코넛 밀크	A minimalist unbranded 330 ml clear bottle and a clean tumbler of lightly translucent coconut-water-based coconut milk with two ice cubes, a small fresh coconut wedge and soft condensation, modern beverage styling rather than a bowl of white liquid. Premium wellness drink commercial photography, bright diffused natural window light, ivory and warm beige background, subtle sage accent, centered square crop-safe composition.	old patterned plate, bowl of plain white liquid, opaque heavy cream, dark, oversaturated, tropical clutter, factory, bulk container, text, logo, watermark, fake Korean copy, people, hands, medical scene, cropped bottle, blur, low resolution, CGI	1:1 square; ProductCard uses object-fit: cover; keep the complete bottle and glass within the central 80% safe area for 5% hover zoom
50	프로바이오틱스 케피어 발효유 플레인 500ml	유제품·대체유	P2	45번 산양유 드링크와 동일한 잔 사진으로 500ml 케피어 상품성이 없음	큰 케피어 병과 잔의 산뜻한 발효 거품	A tall unbranded 500 ml clear glass bottle of plain kefir beside a short drinking glass, fine natural fermentation bubbles and a slightly frothy rim, a tiny ivory dish of kefir grains as an accent, distinct from a small goat-yogurt bottle. Premium wellness dairy commercial photography, soft bright natural window light, warm beige tabletop and muted-green linen, centered square crop-safe composition, no writing.	small 150 ml bottle, goat imagery, plain milk pour, almonds, black soybeans, vintage plate, dark, oversaturated, factory, text, logo, watermark, fake Korean package copy, people, hands, medical scene, clutter, cropped bottle, blur, low resolution, CGI	1:1 square; ProductCard uses object-fit: cover; keep the complete bottle, glass and kefir-grain accent within the central 80% safe area for 5% hover zoom
54	식물성 완두 프로틴 스무디 바나나베리 250ml	음료·프로틴음료	P2	59번 딸기 바닐라 WPI와 동일한 베리 스무디 이미지	바나나와 혼합 베리가 드러나는 진한 보랏빛 식물성 스무디	A thick naturally mauve-purple banana and mixed-berry pea-protein smoothie in a clean unbranded 250 ml clear bottle, with one small tasting glass showing creamy texture, a banana slice, two blueberries and one raspberry arranged sparingly. Make the banana body and mixed-berry color visually clear. Premium wellness beverage commercial photography, bright soft natural window light, ivory and warm beige background with muted-green linen, fresh appetizing styling, centered square crop-safe composition.	pale pink strawberry shake, vanilla pod, whey powder tub, protein powder mound, metal scoop, dark or underexposed image, oversaturated purple, factory, warehouse, bulk container, blog stock photo, text, letters, logo, watermark, fake Korean packaging copy, face, hands, medical or laboratory scene, clutter, cropped bottle, blur, low resolution, CGI	1:1 square; ProductCard uses object-fit: cover; keep the complete bottle, glass and fruit accents within the central 80% safe area for 5% hover zoom
55	유기농 콤부차 레몬진저 310ml	음료·프로틴음료	P1	짙고 어두운 타사 병 라벨이 크게 잘려 보이며 레몬·진저나 청량감이 없음	레몬 껍질과 생강을 곁들인 맑고 탄산감 있는 골든 콤부차	A clear unbranded 310 ml glass bottle and slender tumbler filled with light golden organic lemon-ginger kombucha, lively fine bubbles rising through the drink, delicate condensation, a curled lemon peel and two thin fresh ginger slices as restrained accents. Premium wellness beverage commercial photography, bright diffused natural window light, ivory tabletop and warm beige background with a muted sage detail, clean refreshing mood, centered square crop-safe composition.	dark branded bottle, cropped label, brown murky drink, beer styling, excessive foam, oversaturated yellow, factory, warehouse, manufacturing, bulk vessel, text, letters, logo, watermark, fake Korean packaging copy, people, hands, medical scene, clutter, cropped hero bottle or glass, blur, low resolution, CGI	1:1 square; ProductCard uses object-fit: cover; keep the full bottle, tumbler and lemon-ginger cues within the central 80% safe area for 5% hover zoom
57	단호박 팥 데일리 호박즙 100ml x 14포	음료·프로틴음료	P1	썬 호박 원물만 있고 액상 음료와 파우치 구성이 전혀 보이지 않음	14포 묶음과 작은 잔에 담긴 단호박·팥빛 호박즙	Fourteen slim blank ivory stick pouches grouped neatly behind a small clear glass of smooth amber-orange sweet-pumpkin and red-bean juice, with one petite kabocha pumpkin wedge and a spoonful of glossy cooked red beans nearby. The finished drink and multi-pouch product format must be immediately recognizable. Premium wellness drink commercial photography, bright soft natural window light, warm beige surface, muted-green cloth accent, centered square crop-safe composition, no writing on pouches.	raw pumpkin-only still life, pumpkin field, loose powder, industrial juice vat, metal scoop, dark beverage, muddy styling, text, letters, numbers, logo, watermark, fake Korean packaging copy, factory, warehouse, people, hands, medical scene, clutter, cropped pouch group, blur, low resolution, CGI	1:1 square; ProductCard uses object-fit: cover; keep the glass, all-pouch silhouette and ingredient cues within the central 80% safe area for 5% hover zoom
59	프로틴 맥스 25g WPI 딸기 바닐라 250ml	음료·프로틴음료	P2	54번 바나나베리 완두 스무디와 동일한 이미지로 제품 구분이 안 됨	딸기와 바닐라가 선명한 연분홍 WPI 프로틴 셰이크	A smooth pale blush-pink strawberry-vanilla WPI protein shake in a minimalist unbranded 250 ml clear bottle, a short clear glass beside it showing silky consistency, one halved strawberry and a slender vanilla bean as precise flavor cues. Keep the color lighter and creamier than a mixed-berry plant smoothie. Premium wellness beverage commercial photography, bright soft natural window light, ivory and warm beige set with a subtle muted-green accent, centered square crop-safe composition.	dark purple mixed-berry smoothie, banana, pea-protein powder, powder tub, metal scoop, bodybuilder, gym scene, oversaturated pink, text, letters, logo, watermark, fake Korean packaging copy, factory, warehouse, people, hands, medical scene, clutter, cropped bottle, blur, low resolution, CGI	1:1 square; ProductCard uses object-fit: cover; keep the complete bottle, glass, strawberry and vanilla within the central 80% safe area for 5% hover zoom
60	에너지 부스터 과라나 샷 60ml	음료·프로틴음료	P1	어두운 통 안의 갈색 과라나 분말과 스푼으로 액상 샷 상품과 명백히 불일치	60ml 앰버 보틀과 미니 잔의 농축 과라나 에너지 샷	A compact unbranded 60 ml amber glass shot bottle as the central hero, with a tiny clear tasting glass containing a rich translucent reddish-brown guarana energy drink, a few guarana berries and one opened seed pod as restrained botanical accents. Make the liquid shot format unmistakable. Premium wellness beverage commercial photography, bright soft natural window light, ivory stone surface and warm beige background with muted green, crisp appetizing highlights, centered square crop-safe composition.	brown powder in a tub, bucket, metal scoop, industrial container, coffee cup, alcohol branding, dark moody bar, factory, warehouse, manufacturing, text, letters, logo, watermark, fake Korean packaging copy, face, hands, medical or laboratory image, clutter, cropped bottle, blur, low resolution, CGI	1:1 square; ProductCard uses object-fit: cover; keep the entire 60 ml bottle, tasting glass and guarana accents within the central 80% safe area for 5% hover zoom
68	볶은 검은콩 서리태 스낵 200g	견과·건과류	P1	검은콩이 화면을 빽빽하게 채워 금속 알갱이처럼 보이고 볶은 스낵의 먹음직스러움이 없음	베이지 볼에 담긴 바삭한 볶은 서리태와 고소한 단면	A small warm-beige ceramic bowl filled with dry-roasted Korean black soybeans, each bean matte and naturally wrinkled rather than metallic, with several beans scattered loosely and one cracked bean revealing its warm tan interior to emphasize crisp texture. Premium wellness snack commercial photography, bright soft natural window light, ivory tabletop and muted-green napkin, clean edible presentation, centered square crop-safe composition.	frame-filling raw bean macro, shiny metal-like pellets, wet beans, black background, burnt food, oversaturated color, factory, warehouse, bulk sack, metal scoop, text, logo, watermark, fake Korean packaging copy, people, hands, medical scene, clutter, cropped bowl, blur, low resolution, CGI	1:1 square; ProductCard uses object-fit: cover; keep the complete snack bowl and cracked-bean detail within the central 80% safe area for 5% hover zoom
71	데일리 올인원 활력 멀티비타민 & 미네랄 60정	영양제·비타민	P1	75번과 동일한 다수의 블리스터 팩으로 약국·의약품처럼 보임	세이지 트레이 위 올인원 웰니스 보틀과 절제된 복합 정제	A matte ivory wide cylindrical unbranded wellness jar with a blank warm-beige cap, placed on a low muted-sage circular tray, accompanied by only four small tablets in subtly varied natural cream, pale peach and muted yellow tones plus one fresh citrus leaf. Premium minimalist wellness product photography, bright diffused natural window light, ivory background, clean balanced centered square composition, gentle realistic shadows, no clinical cues.	blister packs, pharmacy counter, medicine box, pill pile, dozens of tablets, prescription look, laboratory glassware, hospital, bright rainbow pills, text, letters, numbers, logo, watermark, fake Korean packaging copy, factory, warehouse, people, hands, dark image, clutter, cropped jar, blur, low resolution, CGI	1:1 square; ProductCard uses object-fit: cover; keep the complete jar, tray and four-tablet accent within the central 80% safe area for 5% hover zoom
72	퓨어 rTG 알티지 오메가3 1000mg 60캡슐	영양제·비타민	P3	손가락으로 큰 캡슐 하나를 든 임상 자료사진처럼 보여 대표 상품성이 없음	앰버 유리병과 소량의 투명 골든 오메가3 소프트젤	A small premium amber glass supplement bottle with a blank ivory label area and warm-white cap, accompanied by exactly three translucent golden omega-3 softgels on a pale blue-gray stone coaster and one restrained curl of lemon peel. Minimal wellness product photography, bright soft natural window light, ivory and warm beige background, fresh clean mood, centered square crop-safe composition, no human interaction.	fingers holding capsule, hands, giant capsule macro, fish carcass, oily spill, blister pack, pharmacy, medicine box, pill pile, laboratory or hospital, text, letters, numbers, logo, watermark, fake Korean packaging copy, factory, dark image, oversaturation, clutter, cropped bottle, blur, low resolution, CGI	1:1 square; ProductCard uses object-fit: cover; keep the full amber bottle and three softgels within the central 80% safe area for 5% hover zoom
73	100억 생유산균 신바이오틱스 포스트바이오틱스 30포	영양제·비타민	P1	78·79번과 동일한 흰 분말·스쿱 사진이며 30포 유산균 상품을 식별할 수 없음	30개 슬림 스틱과 요거트 한 스푼의 데일리 유산균 구성	A tidy fan and small upright group suggesting thirty slim blank ivory probiotic stick sachets, with a petite ceramic bowl of creamy plain yogurt and a small spoonful of yogurt as the consumption cue, finished with one muted-green accent line made only through props, never printed text. Premium minimalist wellness product photography, bright soft natural window light, warm-white and beige set, centered square crop-safe composition.	loose white powder mound, metal scoop, protein tub, identical collagen sachets, herbal pellets, intestines graphic, petri dish, laboratory, pharmacy, blister pack, pill pile, text, letters, numbers, logo, watermark, fake Korean packaging copy, people, hands, factory, clutter, cropped sachets, blur, low resolution, CGI	1:1 square; ProductCard uses object-fit: cover; keep the complete sachet group and yogurt bowl within the central 80% safe area for 5% hover zoom
74	간 편한 밀크씨슬 실리마린 & 비타민B 60정	영양제·비타민	P1	80번과 동일한 다색 알약 더미로 제품 성분을 구분할 수 없고 의약품처럼 보임	밀크씨슬 꽃을 포인트로 둔 웜화이트 보틀과 베이지 정제	A warm-white minimalist unbranded supplement bottle with a soft beige cap, exactly three small beige oblong tablets arranged beside it, and one fresh purple milk-thistle blossom with a single green leaf as a restrained botanical identifier. Premium wellness product photography, bright diffused natural window light, ivory background and warm beige tabletop, elegant centered square crop-safe composition.	rainbow pill pile, multicolored tablets, blister packs, medicine box, pharmacy shelf, liver anatomy, laboratory equipment, hospital scene, text, letters, numbers, logo, watermark, fake Korean packaging copy, people, hands, factory, dark image, clutter, cropped bottle or flower, blur, low resolution, CGI	1:1 square; ProductCard uses object-fit: cover; keep the complete bottle, three tablets and milk-thistle blossom within the central 80% safe area for 5% hover zoom
75	고함량 마그네슘 비타민B6 릴렉스 60정	영양제·비타민	P2	71번과 동일한 블리스터 팩으로 미니멀 웰니스 상품 사진이 아님	스톤 그레이 포인트의 릴렉스 보틀과 백색 캐플릿·라벤더	A matte warm-white supplement bottle with a calm stone-gray cap on a low beige plinth, accompanied by exactly three chalk-white caplets and a single delicate lavender sprig to suggest evening relaxation. Distinguish it from the multivitamin with a restrained monochrome mineral palette and elongated caplet shape. Premium minimalist wellness product photography, bright soft natural window light, ivory backdrop, centered square crop-safe composition.	blister packs, multivitamin rainbow tablets, citrus leaf, pharmacy, prescription medicine, pill pile, sleep mask, bedroom scene, laboratory or hospital, text, letters, numbers, logo, watermark, fake Korean packaging copy, people, hands, factory, dark image, clutter, cropped jar, blur, low resolution, CGI	1:1 square; ProductCard uses object-fit: cover; keep the complete bottle, plinth, caplets and lavender within the central 80% safe area for 5% hover zoom
76	햇살 비타민D3 4000IU + 비타민K2 60캡슐	영양제·비타민	P1	77번과 동일한 대형 붉은 캡슐 매크로로 성분 구분이 안 되고 의약품 인상이 강함	햇살 원형 그림자와 골든 소프트젤의 D3·K2 보틀	A frosted ivory unbranded supplement bottle with a pale warm-yellow cap, exactly three tiny translucent golden softgels on an ivory ceramic disc, and a soft circular sunlight shadow creating a gentle sunshine motif. Premium minimalist wellness product photography, bright natural window light, ivory and warm beige palette with the faintest muted-green detail, clean centered square crop-safe composition.	large red capsule macro, marigold flower, bilberries, blister packs, medicine box, pill pile, pharmacy, laboratory, hospital, harsh sun glare, neon yellow, text, letters, numbers, logo, watermark, fake Korean packaging copy, people, hands, factory, clutter, cropped bottle, blur, low resolution, CGI	1:1 square; ProductCard uses object-fit: cover; keep the complete frosted bottle, ceramic disc and golden softgels within the central 80% safe area for 5% hover zoom
77	루테인 지아잔틴 아스타잔틴 아이케어 30캡슐	영양제·비타민	P1	76번과 동일한 붉은 캡슐 매크로로 아이케어 제품성을 전달하지 못함	세이지 보틀과 마리골드·빌베리를 곁들인 아이케어 소프트젤	A muted sage-green unbranded wellness bottle with an ivory cap, exactly three small reddish-amber softgels, a few golden marigold petals and two deep-blue bilberries as natural ingredient cues. Distinguish it clearly from vitamin D with the green bottle, amber-red capsule tone and eye-nutrient botanicals. Premium minimalist wellness product photography, bright soft natural window light, ivory tabletop, centered square crop-safe composition.	giant red capsule macro, yellow-capped vitamin bottle, sunlight disc motif, eyeball anatomy, glasses, pharmacy, blister packs, pill pile, medicine box, laboratory or hospital, text, letters, numbers, logo, watermark, fake Korean packaging copy, face, hands, factory, dark image, clutter, cropped bottle, blur, low resolution, CGI	1:1 square; ProductCard uses object-fit: cover; keep the full sage bottle, softgels, marigold and bilberries within the central 80% safe area for 5% hover zoom
78	저분자 피쉬 콜라겐 펩타이드 3270mg 30포	영양제·비타민	P2	73·79번과 동일한 흰 가루·스쿱 사진으로 스틱형 콜라겐 상품성이 없음	피치 베이지 스틱 30포와 맑게 녹인 콜라겐 워터	A neat group suggesting thirty slim blank peach-beige and ivory collagen stick sachets, one sachet angled toward a clear glass of fully dissolved colorless collagen water, with a small pearlescent ceramic dish and a pale peach accent for beauty-wellness character. Premium minimalist wellness product photography, bright diffused natural window light, ivory and warm beige set, centered square crop-safe composition, no loose powder as the hero.	white powder mound, metal scoop, protein tub, yogurt probiotic scene, dark herbal pellets, fish fillet, fish scales, laboratory, pharmacy, blister packs, pills, text, letters, numbers, logo, watermark, fake Korean packaging copy, people, hands, factory, clutter, cropped sachets or glass, blur, low resolution, CGI	1:1 square; ProductCard uses object-fit: cover; keep the sachet group, complete water glass and pearlescent accent within the central 80% safe area for 5% hover zoom
79	옥타코사놀 아르기닌 맥스 활력환 30포	영양제·비타민	P1	73·78번과 동일한 흰 분말인데 상품은 활력환 30포라 형태도 명백히 다름	테라코타 접시의 짙은 활력환과 딥그린 스틱 30포	A compact upright and fanned group suggesting thirty slim blank deep-muted-green and ivory stick sachets, with a shallow terracotta ceramic dish holding a small serving of tiny dark-brown herbal vitality pellets, plus one restrained oat sprig as a botanical cue. Make the pellet format unmistakable and visually distinct from white probiotic powder or collagen water. Premium wellness product photography, bright soft natural window light, warm beige background, centered square crop-safe composition.	white powder, metal scoop, protein tub, yogurt bowl, clear collagen water, pill blister, pharmaceutical capsules, medicine box, laboratory, text, letters, numbers, logo, watermark, fake Korean packaging copy, people, hands, factory, bulk bucket, clutter, cropped sachets or dish, blur, low resolution, CGI	1:1 square; ProductCard uses object-fit: cover; keep the complete sachet group and terracotta pellet dish within the central 80% safe area for 5% hover zoom
80	이뮨 아연 비타민C 츄어블 90정	영양제·비타민	P2	74번과 동일한 다색 알약 더미로 90정 츄어블 제품을 구분하기 어려움	레몬 포인트의 아이보리 보틀과 연노랑 원형 츄어블	A warm-ivory unbranded supplement bottle with a pale lemon-colored cap, exactly four pale-yellow round chewable tablets beside it, one fresh lemon half-moon and a small green leaf as clean vitamin-C cues. Keep the tablets friendly and food-like while preserving premium wellness styling. Bright soft natural window light, ivory and warm beige background, centered square crop-safe commercial product photography.	multicolored pill pile, oblong milk-thistle tablets, blister pack, medicine box, pharmacy, children, candy heap, neon yellow, laboratory or hospital, text, letters, numbers, logo, watermark, fake Korean packaging copy, face, hands, factory, dark image, clutter, cropped bottle, blur, low resolution, CGI	1:1 square; ProductCard uses object-fit: cover; keep the full bottle, four round chewables and lemon accent within the central 80% safe area for 5% hover zoom
81	제로슈가 저칼로리 스위트 칠리소스 310g	소스·조미료	P2	83번 불닭 소스와 동일한 소스 볼 사진으로 두 상품을 구분할 수 없음	스프링롤과 어울리는 투명한 레드오렌지 스위트 칠리소스	A small clear unbranded 310 g sauce bottle and an ivory ceramic dipping bowl filled with glossy translucent red-orange zero-sugar sweet chili sauce, visible chili seeds and gentle pepper flecks, accompanied by one crisp vegetable spring-roll half and a few fresh cucumber and carrot strips. Premium food commercial photography, bright soft natural window light, ivory and warm beige tabletop with muted-green napkin, appetizing centered square crop-safe composition.	dark opaque fire-chicken sauce, grilled chicken, charcoal bowl, flames, extreme red saturation, sugar cubes, industrial vat, bulk bucket, metal scoop, factory, text, letters, logo, watermark, fake Korean packaging copy, people, hands, medical scene, clutter, cropped bottle or bowl, blur, low resolution, CGI	1:1 square; ProductCard uses object-fit: cover; keep the complete bottle, sauce bowl and spring-roll half within the central 80% safe area for 5% hover zoom
83	제로 알룰로스 불닭 스파이시 소스 280g	소스·조미료	P2	81번 스위트 칠리와 동일한 사진으로 매운 불닭 소스 고유성이 없음	차콜 볼의 진한 불닭 소스와 노릇한 닭고기 한입	A minimalist unbranded 280 g dark glass sauce bottle with a muted terracotta cap, beside a small charcoal ceramic bowl of deep glossy crimson allulose fire-chicken spicy sauce, one appetizing golden grilled chicken bite brushed with sauce and a single red chili as the heat cue. Premium food commercial photography, bright controlled natural window light on an ivory and warm beige set, rich but not oversaturated, centered square crop-safe composition.	translucent sweet chili sauce, spring roll, cucumber and carrot sticks, pale sauce, flames, black background, burnt chicken, excessive oil, industrial vat, bulk bucket, factory, text, letters, logo, watermark, fake Korean packaging copy, people, hands, medical scene, clutter, cropped bottle or food, blur, low resolution, CGI	1:1 square; ProductCard uses object-fit: cover; keep the complete bottle, charcoal bowl and grilled chicken bite within the central 80% safe area for 5% hover zoom
86	핑크 히말라야 락솔트 그라인더 200g	소스·조미료	P2	핑크 소금 원석만 있고 핵심 판매 형태인 그라인더가 전혀 보이지 않음	핑크 결정이 보이는 투명 그라인더와 산뜻한 샐러드 사용 장면	A clear minimalist unbranded 200 g salt grinder filled with naturally varied pale-pink Himalayan rock-salt crystals, standing upright as the hero, with a small fresh green salad plate softly behind it and only a few loose crystals on the warm-beige table to show real culinary use. Premium food seasoning commercial photography, bright soft natural window light, ivory background, muted-green produce accents, centered square crop-safe composition.	raw salt-rock-only macro, salt mine, huge crystals filling frame, loose bulk sack, metal scoop, industrial container, factory, dark image, neon pink, text, letters, logo, watermark, fake Korean packaging copy, people, hands grinding, medical scene, clutter, cropped grinder, blur, low resolution, CGI	1:1 square; ProductCard uses object-fit: cover; keep the complete upright grinder and salad-use cue within the central 80% safe area for 5% hover zoom
87	천연 효모 추출 비건 감칠맛 채수 파우더 120g	소스·조미료	P1	큰 통 안의 회색 가루와 금속 스쿱이 공정용 원료 사진처럼 보임	작은 볼의 채수 파우더와 맑은 버섯·채소 육수 사용 장면	A small ivory ceramic bowl containing fine warm-tan vegan savory stock powder with a petite wooden spoon, paired with a clear cup of finished golden vegetable broth and a restrained arrangement of one mushroom, onion wedge and short leek section. Premium food seasoning commercial photography, bright soft natural window light, ivory and warm beige kitchen tabletop with muted-green accent, clean appetizing centered square crop-safe composition.	large tub, bucket, gray industrial powder, metal scoop, warehouse, factory, manufacturing line, laboratory, raw powder filling the frame, dark muddy broth, text, letters, logo, watermark, fake Korean packaging copy, people, hands, clutter, cropped bowl or broth cup, blur, low resolution, CGI	1:1 square; ProductCard uses object-fit: cover; keep the complete powder bowl, broth cup and ingredient cues within the central 80% safe area for 5% hover zoom
92	자연 건조 차전자피 식이섬유 100% 200g	기타 건강식품	P3	대형 플라스틱 통과 시장 라벨이 보이는 벌크 원재료 사진으로 쇼핑몰 대표 이미지에 부적합	작은 볼의 차전자피와 물·요거트에 섞어 먹는 섭취 구성	A small ivory ceramic bowl of naturally dried pale-brown psyllium husk with a petite wooden spoon, beside a clear glass of water and a second tiny bowl of creamy yogurt with a subtle spoon swirl showing the realistic way dietary fiber is consumed. Premium wellness food commercial photography, bright soft natural window light, warm beige tabletop and muted-green linen, clean centered square crop-safe composition.	large plastic tub, market label, bulk ingredient bin, bucket, metal scoop, warehouse, factory, industrial processing, dry husk macro filling frame, medical laxative packaging, text, letters, logo, watermark, fake Korean packaging copy, people, hands, dark image, clutter, cropped bowls or glass, blur, low resolution, CGI	1:1 square; ProductCard uses object-fit: cover; keep both complete bowls, water glass and wooden spoon within the central 80% safe area for 5% hover zoom
94	천연 순수 아카시아 튜브 벌꿀 300g	기타 건강식품	P2	먹음직스러운 꿀이지만 유리병이라 상품명의 튜브 포장과 명백히 다름	무지 스퀴즈 튜브에서 토스트로 흐르는 맑은 아카시아 꿀	A minimalist unbranded translucent ivory 300 g squeeze tube standing as the hero, with a short ribbon of clear pale-golden acacia honey drizzled onto a small slice of warm toast, accompanied by two delicate white acacia blossoms and a clean tea cup in soft focus. Premium wellness food commercial photography, bright soft natural window light, ivory and warm beige palette with muted-green leaf accent, centered square crop-safe composition, no package writing.	glass honey jar, bear-shaped bottle, honeycomb overload, dark amber molasses, sticky mess, bee swarm, industrial drum, bulk bucket, factory, text, letters, numbers, logo, watermark, fake Korean packaging copy, people, hands, medical scene, clutter, cropped tube or toast, blur, low resolution, CGI	1:1 square; ProductCard uses object-fit: cover; keep the full squeeze tube, honey ribbon and toast within the central 80% safe area for 5% hover zoom
95	국산 발효 흑마늘 진액 70ml x 15포	기타 건강식품	P1	흑마늘 원물 단면만 있고 진액·파우치·섭취 형태가 전혀 없음	15포 묶음과 작은 잔의 짙은 흑마늘 진액	A neat upright and fanned group suggesting fifteen blank ivory and deep-muted-brown stick pouches, with a small clear tasting glass of glossy dark amber fermented black-garlic extract and one peeled black-garlic clove as the ingredient cue. Make the liquid extract and multi-pouch format immediately recognizable. Premium wellness drink commercial photography, bright soft natural window light, ivory stone surface and warm beige background with muted green, centered square crop-safe composition.	black garlic close-up only, raw garlic pile, loose powder, medicine ampoules, industrial extraction tank, bucket, metal scoop, factory, dark underexposed set, text, letters, numbers, logo, watermark, fake Korean packaging copy, people, hands, medical or laboratory scene, clutter, cropped sachets or glass, blur, low resolution, CGI	1:1 square; ProductCard uses object-fit: cover; keep the complete pouch group, tasting glass and black-garlic clove within the central 80% safe area for 5% hover zoom
98	스위트 바질씨드 워터 믹스 150g	기타 건강식품	P1	검은 바질씨앗이 프레임을 가득 채운 원재료 매크로로 워터 믹스와 섭취 형태를 이해하기 어려움	수분을 머금은 바질씨드 레몬 워터와 소량의 마른 씨앗	A tall clear tumbler of fresh basil-seed water with evenly hydrated tiny seeds suspended throughout, one thin lemon wheel and gentle condensation, accompanied by a very small ivory ceramic dish of dry basil seeds to connect raw ingredient and finished drink. Premium wellness beverage commercial photography, bright soft natural window light, ivory and warm beige surface with muted-green leaf accent, crisp refreshing centered square crop-safe composition.	dry black seeds filling the entire frame, raw ingredient macro only, murky sludge, oversized tapioca pearls, sugary soda, industrial mixing vat, bulk sack, metal scoop, factory, text, logo, watermark, fake Korean packaging copy, people, hands, medical scene, dark image, clutter, cropped glass, blur, low resolution, CGI	1:1 square; ProductCard uses object-fit: cover; keep the complete tall glass, lemon wheel and seed dish within the central 80% safe area for 5% hover zoom
99	동결건조 맥주효모 분말 250g	기타 건강식품	P1	금속 체와 여러 통의 분말이 보이는 제조·가공 현장 사진으로 상품 광고에 부적합	작은 볼의 맥주효모와 요거트 스무디 섭취 장면	A small ivory ceramic bowl of fine warm-beige freeze-dried brewer's yeast powder with a petite wooden spoon, paired with a creamy light-beige yogurt smoothie in a clear glass, plus a few barley grains and one subtle hop cone as ingredient cues. Premium wellness food commercial photography, bright soft natural window light, warm beige tabletop and muted-green linen, clean appetizing centered square crop-safe composition.	metal sieve, multiple powder vats, manufacturing process, factory, warehouse, large bucket, industrial container, metal scoop, powder cloud, beer pint or alcohol branding, text, letters, logo, watermark, fake Korean packaging copy, people, hands, medical scene, dark image, clutter, cropped bowl or smoothie, blur, low resolution, CGI	1:1 square; ProductCard uses object-fit: cover; keep the complete powder bowl, smoothie glass and botanical cues within the central 80% safe area for 5% hover zoom
100	유기농 야생 빌베리 루테인 파우더 100g	기타 건강식품	P1	산업용 금속 통의 여러 색 분말로 보이며 빌베리 루테인 상품을 식별할 수 없음	보랏빛 빌베리 파우더와 완성 스무디·생과의 섭취 구성	A small ivory ceramic bowl of vivid but naturally muted deep-purple organic bilberry lutein powder with a petite wooden spoon, beside a short clear glass of finished purple bilberry smoothie and a small cluster of fresh wild bilberries, finished with a muted-green linen accent. Premium wellness food commercial photography, bright soft natural window light, ivory and warm beige set, appetizing realistic texture, centered square crop-safe composition.	industrial metal tubs, multiple colored powders, manufacturing floor, warehouse, large bucket, metal scoop, neon purple, raw powder macro only, eye anatomy, pill bottle, laboratory, text, letters, logo, watermark, fake Korean packaging copy, people, hands, dark image, clutter, cropped bowl or glass, blur, low resolution, CGI	1:1 square; ProductCard uses object-fit: cover; keep the complete powder bowl, smoothie glass and bilberries within the central 80% safe area for 5% hover zoom
